SalePrice,Foundation,GrLivArea,MSSubClass,TotalBsmtSF,YrSold,YearBuilt,BedroomAbvGr,OverallQual,OverallCond,Neighborhood,Functional,KitchenAbvGr,TotRmsAbvGrd,GarageCars,Yrowned
127500,CBlock,1069,120,1069.0,2010,1977,2,6,5,NPkVill,0,1,4,2.0,33
149900,CBlock,1456,160,855.0,2010,1975,3,6,6,NPkVill,0,1,6,2.0,35
120000,CBlock,836,120,836.0,2010,1975,2,7,6,NPkVill,0,1,4,1.0,35
146000,CBlock,1456,160,855.0,2010,1978,3,6,5,NPkVill,0,1,7,2.0,32
376162,PConc,2334,60,1590.0,2010,2009,3,9,5,NridgHt,0,1,10,3.0,1
306000,PConc,1704,20,1704.0,2010,2007,3,8,5,NridgHt,0,1,7,3.0,3
395192,PConc,1940,20,1930.0,2010,2009,3,9,5,NridgHt,0,1,8,3.0,1
290941,PConc,1544,20,1544.0,2010,2009,3,8,5,NridgHt,0,1,7,3.0,1
220000,PConc,1541,20,1541.0,2010,2005,3,7,5,NridgHt,0,1,7,2.0,5
275000,PConc,1698,20,1698.0,2010,2005,3,9,5,NridgHt,0,1,7,3.0,5
259000,PConc,1822,20,1822.0,2010,2005,3,8,5,NridgHt,0,1,8,3.0,5
214000,PConc,1535,20,1517.0,2010,2004,3,7,5,NridgHt,0,1,7,2.0,6
611657,PConc,2364,20,2330.0,2010,2009,2,9,5,NridgHt,0,1,11,3.0,1
224000,PConc,1358,120,1358.0,2010,2009,2,7,5,NridgHt,0,1,6,2.0,1
500000,PConc,2696,20,2846.0,2010,2003,3,9,5,NridgHt,0,1,10,3.0,7
320000,PConc,2250,60,1671.0,2010,2002,3,8,5,NridgHt,0,1,7,3.0,8
319900,PConc,1752,120,1752.0,2010,2005,2,9,5,NridgHt,0,1,6,2.0,5
205000,PConc,1370,120,1370.0,2010,2006,2,8,5,NridgHt,0,1,6,2.0,4
175500,PConc,1626,160,764.0,2010,2003,2,7,5,NridgHt,0,1,6,2.0,7
160000,PConc,1145,120,1145.0,2010,2006,2,7,5,Blmngtn,0,1,6,2.0,4
192000,PConc,1269,120,1256.0,2010,2004,2,8,5,Blmngtn,0,1,6,2.0,6
333168,PConc,2599,60,1393.0,2010,1999,4,9,5,NoRidge,0,1,10,3.0,11
355000,PConc,2475,60,1629.0,2010,1998,4,8,5,NoRidge,0,1,7,3.0,12
260400,PConc,1720,20,1720.0,2010,1996,3,7,5,NoRidge,0,1,7,2.0,14
325000,PConc,2622,60,1463.0,2010,1994,3,8,5,NoRidge,0,1,9,2.0,16
290000,PConc,2270,60,1152.0,2010,1999,4,8,7,NoRidge,0,1,9,3.0,11
221000,PConc,1839,60,1195.0,2010,1998,4,7,5,NoRidge,0,1,7,2.0,12
410000,PConc,3238,50,2033.0,2010,1995,4,8,5,NoRidge,0,1,9,3.0,15
233000,PConc,2084,60,956.0,2010,2004,4,7,5,SawyerW,0,1,8,2.0,6
181000,PConc,1659,60,831.0,2010,2004,3,7,5,SawyerW,0,1,8,2.0,6
205000,PConc,2110,60,948.0,2010,1994,3,7,5,SawyerW,0,1,8,2.0,16
143000,CBlock,923,120,923.0,2010,1980,2,6,5,SawyerW,0,1,5,1.0,30
189000,PConc,1845,60,1055.0,2010,1992,3,6,5,SawyerW,0,1,8,2.0,18
99500,CBlock,918,120,918.0,2010,1979,2,6,5,SawyerW,0,1,5,1.0,31
125000,CBlock,752,120,744.0,2010,1984,2,6,5,SawyerW,0,1,4,1.0,26
194500,PConc,1744,60,996.0,2010,1993,3,7,7,SawyerW,0,1,7,2.0,17
152000,PConc,1097,20,1040.0,2010,1984,3,6,5,SawyerW,0,1,6,2.0,26
171000,CBlock,1564,60,650.0,2010,1980,3,6,6,SawyerW,0,1,7,2.0,30
67500,BrkTil,1012,30,816.0,2010,1920,2,5,5,SawyerW,0,1,5,1.0,90
112000,Slab,1902,90,0.0,2010,1978,4,6,5,Sawyer,0,2,8,2.0,32
148000,CBlock,1155,85,1109.0,2010,1961,3,5,7,Sawyer,2,1,6,2.0,49
138500,CBlock,894,20,894.0,2010,1965,3,5,8,Sawyer,0,1,5,1.0,45
122000,CBlock,900,20,882.0,2010,1967,3,5,5,Sawyer,0,1,5,1.0,43
133000,CBlock,1040,20,1040.0,2010,1963,3,5,5,Sawyer,0,1,5,1.0,47
127000,CBlock,1040,20,1040.0,2010,1962,3,5,8,Sawyer,0,1,6,1.0,48
169000,CBlock,1494,20,1208.0,2010,1974,3,6,6,Sawyer,0,1,7,2.0,36
190000,PConc,1923,60,750.0,2010,1992,3,7,5,NoRidge,0,1,8,2.0,18
362500,PConc,2349,60,1231.0,2010,1993,4,8,5,NoRidge,0,1,9,3.0,17
285000,PConc,2225,60,1390.0,2010,1992,4,8,5,NoRidge,0,1,7,3.0,18
155000,CBlock,788,120,728.0,2010,1980,1,8,5,Greens,0,1,3,2.0,30
206000,CBlock,1226,120,1226.0,2010,1978,1,8,6,Greens,0,1,4,2.0,32
130500,CBlock,1479,60,725.0,2010,1976,3,6,8,Sawyer,0,1,6,2.0,34
116500,CBlock,858,20,858.0,2010,1958,2,5,7,BrkSide,0,1,4,0.0,52
76500,CBlock,1306,30,728.0,2010,1940,3,3,2,BrkSide,3,1,6,0.0,70
128500,CBlock,1612,50,988.0,2010,1950,3,5,6,BrkSide,0,1,7,1.0,60
209500,BrkTil,2068,75,1108.0,2010,1922,3,7,7,BrkSide,0,1,8,1.0,88
87000,BrkTil,765,30,765.0,2010,1925,2,4,7,BrkSide,0,1,4,1.0,85
134000,BrkTil,1132,50,608.0,2010,1939,2,6,7,BrkSide,0,1,5,1.0,71
128000,CBlock,1196,50,572.0,2010,1940,3,6,6,BrkSide,0,1,6,2.0,70
132000,CBlock,1453,50,835.0,2010,1942,3,5,6,BrkSide,2,1,7,1.0,68
139900,CBlock,1416,50,780.0,2010,1948,3,6,7,BrkSide,0,1,6,1.0,62
123900,CBlock,1040,50,528.0,2010,1936,2,5,7,BrkSide,0,1,5,2.0,74
138400,BrkTil,1536,50,928.0,2010,1930,4,5,5,BrkSide,0,1,7,2.0,80
110000,CBlock,816,90,816.0,2010,1963,2,5,5,IDOTRR,0,1,5,2.0,47
55000,Slab,1092,190,0.0,2010,1930,3,4,5,IDOTRR,3,2,7,0.0,80
100000,BrkTil,1392,190,1212.0,2010,1915,3,5,4,SWISU,0,1,6,0.0,95
95000,CBlock,919,50,600.0,2010,1940,3,6,5,SWISU,0,1,5,1.0,70
93369,CBlock,1884,70,707.0,2010,1907,4,4,1,SWISU,0,1,7,0.0,103
114900,BrkTil,1680,190,856.0,2010,1910,2,5,7,SWISU,0,2,7,2.0,100
94000,CBlock,1020,50,780.0,2010,1875,2,5,8,Sawyer,0,1,6,0.0,135
136000,CBlock,1832,90,1832.0,2010,1967,4,4,3,Sawyer,0,2,8,0.0,43
136500,CBlock,1768,90,1768.0,2010,1968,4,4,5,Sawyer,0,2,8,0.0,42
131500,PConc,1039,190,1039.0,2010,1965,3,5,4,Sawyer,0,1,6,2.0,45
121500,CBlock,1392,20,1392.0,2010,1957,3,5,6,Sawyer,3,1,5,2.0,53
125000,CBlock,912,20,912.0,2010,1967,3,5,5,Sawyer,0,1,5,1.0,43
154000,CBlock,1060,20,1060.0,2010,1968,3,5,8,Sawyer,0,1,6,1.0,42
137900,CBlock,892,20,864.0,2010,1966,3,5,7,Sawyer,0,1,5,1.0,44
158000,CBlock,1352,60,663.0,2010,1969,4,6,7,Sawyer,0,1,7,1.0,41
137250,CBlock,864,20,864.0,2010,1968,2,5,5,Sawyer,0,1,4,1.0,42
160250,CBlock,1373,90,1319.0,2010,1978,3,5,5,Sawyer,0,1,5,2.0,32
163000,CBlock,1440,60,720.0,2010,1968,4,5,5,Sawyer,0,1,7,2.0,42
158900,CBlock,1386,60,672.0,2010,1978,3,6,5,Sawyer,0,1,6,2.0,32
85000,BrkTil,756,30,660.0,2010,1927,2,4,4,Sawyer,0,1,4,2.0,83
128000,CBlock,1067,20,1067.0,2010,1950,2,4,7,Sawyer,2,1,4,2.0,60
124000,CBlock,1610,50,972.0,2010,1938,4,3,4,Edwards,0,1,8,1.0,72
83000,BrkTil,835,30,458.0,2010,1920,2,5,5,Edwards,0,1,5,1.0,90
144500,CBlock,1074,20,663.0,2010,1950,3,6,7,Edwards,0,1,6,1.0,60
129000,CBlock,1144,20,1144.0,2010,1956,3,5,6,Edwards,0,1,6,1.0,54
127000,CBlock,1531,50,756.0,2010,1947,3,4,6,Edwards,0,1,8,1.0,63
128000,CBlock,1172,20,1172.0,2010,1954,3,5,7,Edwards,0,1,5,1.0,56
186000,PConc,1212,20,1212.0,2010,2009,3,6,5,Edwards,0,1,6,2.0,1
308030,PConc,1508,20,1508.0,2010,2009,1,7,5,Edwards,0,1,5,2.0,1
114000,CBlock,1298,20,1250.0,2010,1964,3,5,3,Edwards,0,1,5,2.0,46
84900,CBlock,930,20,0.0,2010,1946,2,4,7,Edwards,0,1,6,1.0,64
178000,CBlock,1732,60,741.0,2010,1985,3,6,5,SawyerW,0,1,7,2.0,25
270000,CBlock,1433,20,1433.0,2010,1987,1,7,5,SawyerW,0,1,4,2.0,23
218000,PConc,1802,60,946.0,2010,1993,3,6,7,SawyerW,0,1,8,4.0,17
236000,PConc,1949,60,1050.0,2010,1993,3,7,5,SawyerW,0,1,8,2.0,17
147000,PConc,996,85,936.0,2010,1992,2,6,6,SawyerW,0,1,5,2.0,18
245350,PConc,1694,20,1694.0,2010,2008,3,8,5,CollgCr,0,1,7,3.0,2
206000,PConc,1208,20,1187.0,2010,2006,2,7,5,CollgCr,0,1,6,2.0,4
198900,PConc,1226,20,1226.0,2010,2009,3,7,5,CollgCr,0,1,6,3.0,1
187000,PConc,1222,20,1222.0,2010,2010,2,7,5,CollgCr,0,1,6,2.0,0
320000,PConc,3222,60,1673.0,2010,1990,5,7,5,SawyerW,0,1,11,3.0,20
138500,PConc,1445,50,676.0,2010,1900,3,6,8,SawyerW,0,1,6,2.0,110
159000,PConc,965,85,870.0,2010,1996,2,5,5,CollgCr,0,1,4,2.0,14
191000,PConc,1692,60,878.0,2010,1997,3,7,5,CollgCr,0,1,8,2.0,13
200500,PConc,1682,60,804.0,2010,1998,3,6,5,CollgCr,0,1,7,2.0,12
150000,CBlock,1026,20,1026.0,2010,1977,3,5,8,CollgCr,0,1,5,1.0,33
161750,CBlock,1392,60,689.0,2010,1977,3,6,7,CollgCr,0,1,6,1.0,33
128200,CBlock,894,20,894.0,2010,1976,3,5,6,CollgCr,0,1,5,1.0,34
127000,CBlock,876,20,876.0,2010,1972,3,5,6,CollgCr,0,1,5,2.0,38
318000,PConc,1978,20,1978.0,2010,2003,3,8,5,CollgCr,0,1,8,3.0,7
272000,PConc,1601,20,1581.0,2010,2001,3,8,5,CollgCr,0,1,6,2.0,9
237000,PConc,1829,60,941.0,2010,2003,3,7,6,CollgCr,0,1,7,2.0,7
240000,PConc,2098,60,1040.0,2010,1997,4,7,5,CollgCr,0,1,9,2.0,13
224900,PConc,1661,20,1649.0,2010,1998,3,7,5,CollgCr,0,1,6,2.0,12
143750,PConc,848,120,848.0,2010,2003,1,6,5,CollgCr,0,1,4,2.0,7
143000,PConc,848,120,848.0,2010,2004,1,6,5,CollgCr,0,1,3,2.0,6
232000,PConc,1668,20,1657.0,2010,2003,3,8,5,CollgCr,0,1,8,2.0,7
213000,PConc,1484,20,1473.0,2010,2004,3,7,5,CollgCr,0,1,7,2.0,6
185500,PConc,1414,20,1414.0,2010,2004,3,7,5,CollgCr,0,1,6,2.0,6
84900,CBlock,640,30,0.0,2010,1945,2,3,6,Edwards,1,1,5,1.0,65
155891,CBlock,992,20,381.0,2010,1954,3,5,6,Edwards,0,1,6,1.0,56
100000,CBlock,1664,90,0.0,2010,1965,4,5,5,Edwards,0,2,8,0.0,45
144000,CBlock,1196,20,1196.0,2010,1968,3,5,6,Edwards,0,1,6,1.0,42
64000,CBlock,1120,50,744.0,2010,1948,2,4,5,Edwards,0,1,5,2.0,62
125200,CBlock,1096,80,1008.0,2010,1975,3,6,6,Edwards,0,1,5,1.0,35
107000,CBlock,1117,80,1029.0,2010,1976,3,6,5,Edwards,0,1,6,2.0,34
90000,CBlock,960,20,960.0,2010,1958,3,4,5,Edwards,0,1,5,0.0,52
140000,PConc,1121,20,1121.0,2010,2003,2,4,5,Edwards,0,1,5,2.0,7
113000,CBlock,1487,50,735.0,2010,1945,3,6,4,Edwards,0,1,7,1.0,65
80000,BrkTil,924,190,672.0,2010,1941,2,4,4,Edwards,0,1,5,1.0,69
144500,CBlock,1526,20,1216.0,2010,1957,4,5,6,Edwards,2,1,7,1.0,53
104000,BrkTil,1296,30,1107.0,2010,1924,2,5,6,SWISU,0,1,5,1.0,86
128000,PConc,1647,70,806.0,2010,1915,4,6,4,SWISU,0,1,6,1.0,95
58500,BrkTil,864,30,864.0,2010,1914,2,3,3,Edwards,0,1,5,1.0,96
127000,BrkTil,1691,50,1026.0,2010,1924,3,5,6,SWISU,0,1,6,1.0,86
126000,CBlock,856,30,856.0,2010,1939,2,6,6,SWISU,0,1,4,2.0,71
160000,Slab,2650,90,0.0,2010,1967,6,4,6,SWISU,2,2,10,0.0,43
100000,PConc,1666,50,894.0,2010,1931,3,5,2,SWISU,0,1,7,0.0,79
169000,PConc,2447,50,804.0,2010,1919,4,6,7,SWISU,2,1,10,1.0,91
125500,BrkTil,1154,50,796.0,2010,1922,3,4,8,IDOTRR,0,1,7,1.0,88
82000,BrkTil,540,30,480.0,2010,1941,1,2,5,IDOTRR,0,1,4,1.0,69
110000,BrkTil,1107,50,629.0,2010,1921,2,6,5,IDOTRR,0,1,5,1.0,89
68400,CBlock,1128,50,698.0,2010,1920,2,4,4,IDOTRR,0,1,6,2.0,90
102776,Stone,1178,50,859.0,2010,1900,2,4,7,IDOTRR,0,1,7,1.0,110
55993,CBlock,1044,20,540.0,2010,1952,2,5,5,IDOTRR,0,1,4,2.0,58
50138,CBlock,952,30,756.0,2010,1896,3,4,7,IDOTRR,0,1,5,1.0,114
83500,CBlock,1092,160,546.0,2010,1973,3,4,5,MeadowV,0,1,6,1.0,37
119500,CBlock,945,120,945.0,2010,1973,2,5,6,MeadowV,0,1,5,1.0,37
85000,CBlock,1112,160,536.0,2010,1976,3,5,3,MeadowV,0,1,4,1.0,34
76000,CBlock,1092,160,546.0,2010,1970,3,4,7,MeadowV,0,1,5,0.0,40
75500,CBlock,630,180,630.0,2010,1972,1,4,6,MeadowV,0,1,3,0.0,38
88250,CBlock,1092,160,546.0,2010,1970,3,4,4,MeadowV,0,1,5,0.0,40
85500,CBlock,1092,160,546.0,2010,1972,3,4,6,MeadowV,0,1,5,1.0,38
143750,CBlock,958,120,958.0,2009,1976,2,6,6,NPkVill,0,1,5,2.0,33
146000,CBlock,1548,160,804.0,2009,1976,3,6,5,NPkVill,0,1,7,2.0,33
148500,CBlock,1456,160,855.0,2009,1976,3,6,6,NPkVill,0,1,7,2.0,33
123000,CBlock,1055,120,1057.0,2009,1975,2,7,5,NPkVill,0,1,4,2.0,34
147000,CBlock,1322,160,855.0,2009,1974,3,6,5,NPkVill,0,1,6,2.0,35
137900,CBlock,1456,160,855.0,2009,1977,3,6,5,NPkVill,0,1,6,2.0,32
147000,CBlock,1548,160,804.0,2009,1978,3,6,5,NPkVill,0,1,7,2.0,31
148500,CBlock,1441,160,855.0,2009,1978,3,6,6,NPkVill,0,1,7,2.0,31
138000,CBlock,1456,160,855.0,2009,1978,3,6,5,NPkVill,0,1,6,2.0,31
128500,CBlock,836,120,836.0,2009,1976,2,7,6,NPkVill,0,1,5,1.0,33
337500,PConc,1718,20,1700.0,2009,2006,3,10,5,NridgHt,0,1,7,3.0,3
462000,PConc,2772,60,1776.0,2009,2007,4,9,5,NridgHt,0,1,10,3.0,2
485000,PConc,3140,60,1926.0,2009,2008,4,9,5,NridgHt,0,1,11,3.0,1
555000,PConc,2402,20,3094.0,2009,2008,2,10,5,NridgHt,0,1,10,3.0,1
325000,PConc,1652,20,1652.0,2009,2006,2,9,5,NridgHt,0,1,6,2.0,3
256300,PConc,1600,20,1566.0,2009,2007,3,8,5,NridgHt,0,1,7,3.0,2
253293,PConc,2042,20,2042.0,2009,2008,3,8,5,NridgHt,0,1,8,3.0,1
398800,PConc,2690,60,1365.0,2009,2009,3,9,5,NridgHt,0,1,8,3.0,0
335000,PConc,2184,60,1104.0,2009,2008,3,9,5,NridgHt,0,1,10,3.0,1
404000,PConc,2020,20,2020.0,2009,2008,3,9,5,NridgHt,0,1,7,3.0,1
402861,CBlock,2020,20,2006.0,2009,2009,3,10,5,NridgHt,0,1,9,3.0,0
451950,PConc,2296,60,1722.0,2009,2008,3,10,5,NridgHt,0,1,10,3.0,1
610000,PConc,2674,20,2630.0,2009,2007,2,10,5,NridgHt,0,1,8,3.0,2
582933,PConc,2822,60,1734.0,2009,2008,4,9,5,NridgHt,0,1,12,3.0,1
360000,PConc,1736,20,1736.0,2009,2008,3,9,5,NridgHt,0,1,7,3.0,1
296000,PConc,1782,20,1782.0,2009,2004,3,8,5,NridgHt,0,1,7,3.0,5
409900,PConc,2520,60,1508.0,2009,2007,5,8,5,NridgHt,0,1,10,3.0,2
255500,PConc,1717,20,1709.0,2009,2006,3,8,5,NridgHt,0,1,7,3.0,3
335000,PConc,1743,20,1739.0,2009,2008,3,9,5,NridgHt,0,1,8,3.0,1
274900,PConc,1713,20,1713.0,2009,2004,3,8,5,NridgHt,0,1,7,3.0,5
300000,PConc,1531,20,1504.0,2009,2006,2,9,5,NridgHt,0,1,6,3.0,3
324000,PConc,1808,20,1774.0,2009,2008,3,9,5,NridgHt,0,1,7,3.0,1
350000,PConc,2224,60,1462.0,2009,2004,4,9,5,NridgHt,0,1,10,3.0,5
280000,PConc,1836,20,1836.0,2009,2004,3,8,5,NridgHt,0,1,7,3.0,5
284000,PConc,1629,20,3206.0,2009,2003,3,8,5,NridgHt,0,1,7,3.0,6
269500,PConc,1760,20,1760.0,2009,2003,3,7,5,NridgHt,0,1,8,2.0,6
233170,PConc,1502,20,1502.0,2009,2009,3,7,5,NridgHt,0,1,7,2.0,0
386250,PConc,2392,20,2392.0,2009,2003,3,10,5,NridgHt,0,1,8,3.0,6
445000,PConc,2452,20,2452.0,2009,2003,3,9,5,NridgHt,0,1,10,3.0,6
290000,PConc,2400,60,1082.0,2009,2003,4,8,5,NridgHt,0,1,10,3.0,6
255900,PConc,1606,20,1598.0,2009,2006,3,8,5,NridgHt,0,1,6,3.0,3
213000,PConc,1358,120,1358.0,2009,2005,2,6,5,NridgHt,0,1,6,2.0,4
196000,PConc,1306,120,1306.0,2009,2005,1,6,5,NridgHt,0,1,5,2.0,4
184500,PConc,1306,120,1306.0,2009,2005,1,6,5,NridgHt,0,1,5,2.0,4
212500,PConc,1358,120,1350.0,2009,2007,2,7,5,NridgHt,0,1,6,2.0,2
230000,PConc,1314,120,1314.0,2009,2007,2,7,5,NridgHt,0,1,6,2.0,2
552000,PConc,2492,20,2492.0,2009,2004,2,10,5,NridgHt,0,1,8,3.0,5
382500,PConc,2200,20,2200.0,2009,2003,3,8,5,NridgHt,0,1,8,3.0,6
320000,PConc,1884,120,1884.0,2009,2008,2,9,5,NridgHt,0,1,6,2.0,1
248500,PConc,1456,120,1451.0,2009,2008,2,9,5,NridgHt,0,1,6,2.0,1
286500,PConc,1712,20,1712.0,2009,2002,3,8,5,NridgHt,0,1,8,3.0,7
254000,PConc,1324,120,1324.0,2009,2006,2,8,5,NridgHt,0,1,6,2.0,3
173000,PConc,1405,120,1405.0,2009,2003,2,7,5,NridgHt,0,1,6,2.0,6
173000,PConc,1626,160,764.0,2009,2003,2,7,5,NridgHt,0,1,6,2.0,6
174000,PConc,1555,120,1373.0,2009,2007,2,7,5,Blmngtn,0,1,7,3.0,2
175900,PConc,1569,120,1386.0,2009,2007,1,7,5,Blmngtn,0,1,7,3.0,2
192500,PConc,1555,120,1373.0,2009,2005,2,7,5,Blmngtn,0,1,7,2.0,4
181000,PConc,1504,120,1346.0,2009,2005,1,7,5,Blmngtn,0,1,7,2.0,4
180000,PConc,1220,120,1220.0,2009,2005,2,7,5,Blmngtn,0,1,5,2.0,4
160200,PConc,1145,120,1145.0,2009,2005,2,7,5,Blmngtn,0,1,5,2.0,4
207500,PConc,1314,120,1314.0,2009,2007,2,7,5,NridgHt,0,1,6,2.0,2
337000,PConc,2365,60,1252.0,2009,1999,3,8,5,NoRidge,0,1,8,3.0,10
403000,PConc,2794,60,1462.0,2009,1995,4,8,5,NoRidge,0,1,9,3.0,14
327000,PConc,2687,60,1455.0,2009,2000,4,8,5,NoRidge,0,1,10,3.0,9
340000,PConc,2450,60,1284.0,2009,1998,3,8,5,NoRidge,0,1,7,3.0,11
336000,PConc,2612,60,1225.0,2009,1998,4,8,5,NoRidge,0,1,8,3.0,11
265000,PConc,2344,60,1264.0,2009,1996,3,7,5,NoRidge,0,1,7,3.0,13
315000,PConc,2063,20,2024.0,2009,1994,3,8,5,NoRidge,0,1,7,3.0,15
260000,PConc,2646,60,1347.0,2009,1993,4,7,5,NoRidge,0,1,9,3.0,16
260000,PConc,2061,60,1070.0,2009,1995,3,7,5,NoRidge,0,1,7,2.0,14
263550,PConc,2232,60,1173.0,2009,1993,3,8,5,NoRidge,0,1,8,2.0,16
402000,PConc,2448,60,1629.0,2009,1994,4,8,7,NoRidge,0,1,8,3.0,15
248000,PConc,1850,60,973.0,2009,1994,3,7,6,NoRidge,0,1,7,2.0,15
159000,PConc,1218,20,1218.0,2009,2007,3,7,6,SawyerW,0,1,6,2.0,2
152000,PConc,1141,20,1141.0,2009,2006,3,7,5,SawyerW,0,1,6,2.0,3
143500,PConc,1158,20,1158.0,2009,2004,3,6,5,SawyerW,0,1,5,0.0,5
193000,PConc,1812,60,835.0,2009,2004,3,7,5,SawyerW,0,1,8,2.0,5
203000,PConc,1512,20,1512.0,2009,2004,3,8,5,SawyerW,0,1,6,3.0,5
184900,PConc,1200,20,1176.0,2009,2003,2,7,5,SawyerW,0,1,5,2.0,6
159000,PConc,1114,20,1114.0,2009,2004,3,7,5,SawyerW,0,1,6,2.0,5
142000,PConc,1114,20,1114.0,2009,2004,3,5,5,SawyerW,0,1,6,0.0,5
153000,PConc,1114,20,1114.0,2009,2003,3,5,5,SawyerW,0,1,6,2.0,6
224243,PConc,1450,20,1450.0,2009,2008,2,7,5,SawyerW,0,1,6,3.0,1
220000,PConc,2122,60,913.0,2009,1996,4,7,5,SawyerW,0,1,8,2.0,13
257000,PConc,1844,20,1844.0,2009,2005,2,8,5,SawyerW,0,1,7,2.0,4
189000,PConc,1434,20,1454.0,2009,2001,3,7,5,SawyerW,0,1,6,2.0,8
171500,PConc,1730,60,816.0,2009,1992,3,6,6,SawyerW,0,1,6,2.0,17
120000,CBlock,1217,160,626.0,2009,1980,3,6,6,SawyerW,0,1,6,1.0,29
145000,PConc,1332,120,1332.0,2009,1990,2,6,5,SawyerW,0,1,5,2.0,19
184000,PConc,1540,60,754.0,2009,1994,3,7,5,SawyerW,0,1,6,2.0,15
162000,CBlock,1400,60,676.0,2009,1986,3,6,7,SawyerW,0,1,6,2.0,23
160000,Slab,1882,90,0.0,2009,1981,4,6,7,SawyerW,0,2,8,2.0,28
82000,CBlock,841,20,721.0,2009,1950,2,4,4,SawyerW,0,1,4,1.0,59
76000,BrkTil,784,45,784.0,2009,1928,2,6,3,SawyerW,0,1,5,2.0,81
110000,CBlock,980,20,980.0,2009,1962,3,5,5,Sawyer,0,1,5,2.0,47
135000,CBlock,980,20,980.0,2009,1977,3,5,6,Sawyer,0,1,6,2.0,32
141000,CBlock,864,20,864.0,2009,1961,3,5,6,Sawyer,0,1,5,2.0,48
122000,CBlock,864,20,864.0,2009,1961,2,5,5,Sawyer,0,1,5,1.0,48
124100,CBlock,1020,20,1024.0,2009,1965,3,5,5,Sawyer,0,1,5,1.0,44
129000,CBlock,912,20,912.0,2009,1963,3,5,8,Sawyer,0,1,6,1.0,46
131400,CBlock,1144,20,864.0,2009,1961,3,5,6,Sawyer,0,1,6,1.0,48
62383,CBlock,864,20,864.0,2009,1965,3,5,5,Sawyer,0,1,5,1.0,44
123000,CBlock,912,20,912.0,2009,1962,3,5,6,Sawyer,0,1,6,1.0,47
235000,PConc,1755,60,975.0,2009,1991,3,7,8,NoRidge,0,1,7,2.0,18
211500,CBlock,1226,120,1226.0,2009,1981,1,8,5,Greens,0,1,4,2.0,28
150000,CBlock,1620,20,1281.0,2009,1976,3,4,4,Sawyer,1,1,8,2.0,33
82500,CBlock,708,30,420.0,2009,1940,2,4,7,BrkSide,0,1,5,0.0,69
110000,CBlock,1203,50,709.0,2009,1950,3,5,4,BrkSide,0,1,5,1.0,59
34900,CBlock,720,30,720.0,2009,1920,2,4,5,IDOTRR,0,1,4,0.0,89
44000,CBlock,797,30,245.0,2009,1900,2,3,3,IDOTRR,0,1,5,0.0,109
223500,CBlock,1576,70,1324.0,2009,1923,3,5,6,BrkSide,0,1,6,2.0,86
149000,BrkTil,1432,30,1022.0,2009,1923,3,6,6,BrkSide,0,1,6,1.0,86
205000,BrkTil,1548,50,952.0,2009,1925,3,7,7,BrkSide,0,1,5,2.0,84
137000,CBlock,1654,70,297.0,2009,1930,3,5,7,BrkSide,0,1,7,1.0,79
121000,BrkTil,952,30,952.0,2009,1916,2,6,6,BrkSide,0,1,4,1.0,93
128000,BrkTil,1324,50,672.0,2009,1936,3,4,6,BrkSide,0,1,6,1.0,73
134900,BrkTil,1176,50,698.0,2009,1937,2,6,9,BrkSide,0,1,4,2.0,72
117000,BrkTil,1348,50,884.0,2009,1925,3,5,8,BrkSide,0,1,5,1.0,84
132500,CBlock,1412,50,780.0,2009,1939,4,6,6,BrkSide,0,1,6,1.0,70
93000,BrkTil,1142,50,468.0,2009,1924,3,5,5,BrkSide,0,1,6,1.0,85
119000,PConc,904,45,884.0,2009,1926,2,6,7,BrkSide,0,1,4,1.0,83
100000,PConc,1301,30,1145.0,2009,1924,2,5,5,BrkSide,1,1,5,2.0,85
141500,BrkTil,1539,50,927.0,2009,1936,3,5,6,BrkSide,0,1,5,2.0,73
133000,BrkTil,1573,50,884.0,2009,1935,3,4,7,BrkSide,0,1,6,1.0,74
60000,BrkTil,800,30,264.0,2009,1936,1,2,3,BrkSide,4,1,4,0.0,73
105000,BrkTil,875,30,715.0,2009,1931,2,5,7,BrkSide,0,1,5,1.0,78
115000,BrkTil,995,30,960.0,2009,1925,2,5,6,BrkSide,0,1,5,1.0,84
150000,BrkTil,1582,50,952.0,2009,1938,3,5,6,BrkSide,0,1,6,1.0,71
126500,BrkTil,1072,30,1072.0,2009,1925,2,5,5,BrkSide,0,1,5,5.0,84
214500,BrkTil,2134,75,844.0,2009,1916,5,6,6,BrkSide,0,1,10,2.0,93
167500,BrkTil,2019,70,728.0,2009,1910,3,7,8,BrkSide,0,1,8,2.0,99
149000,CBlock,1930,70,720.0,2009,1927,4,6,5,IDOTRR,0,1,8,1.0,82
103000,CBlock,1208,30,780.0,2009,1925,2,4,5,IDOTRR,0,1,5,2.0,84
135000,BrkTil,1666,50,1204.0,2009,1927,3,6,6,IDOTRR,0,1,4,1.0,82
70000,PConc,892,85,858.0,2009,1923,1,4,6,IDOTRR,2,1,5,0.0,86
116000,CBlock,1403,190,698.0,2009,1915,3,6,7,IDOTRR,0,1,7,1.0,94
88750,CBlock,704,20,560.0,2009,1946,2,4,9,Sawyer,0,1,4,1.0,63
179000,CBlock,1200,90,1200.0,2009,1987,3,5,5,Edwards,0,1,5,0.0,22
179000,CBlock,1200,90,1200.0,2009,1987,3,5,5,Edwards,0,1,5,0.0,22
159900,PConc,1152,90,1152.0,2009,1978,2,5,5,Edwards,0,2,6,1.0,31
61000,BrkTil,904,30,683.0,2009,1922,1,1,1,Edwards,4,1,4,0.0,87
103600,BrkTil,1369,70,672.0,2009,1925,3,6,6,Edwards,0,1,6,1.0,84
63000,PConc,1112,50,585.0,2009,1934,4,5,3,Edwards,0,1,6,1.0,75
175000,CBlock,1464,80,520.0,2009,1963,3,5,6,Sawyer,2,1,6,2.0,46
139000,PConc,1121,20,1121.0,2009,1963,3,5,6,Sawyer,0,1,5,2.0,46
172500,CBlock,1683,60,918.0,2009,1978,3,6,5,Sawyer,0,1,7,2.0,31
113500,CBlock,1052,20,1052.0,2009,1967,3,5,6,Sawyer,0,1,6,1.0,42
130000,PConc,899,20,864.0,2009,1967,3,5,7,Sawyer,0,1,5,1.0,42
149900,CBlock,1034,85,456.0,2009,1978,3,6,5,Sawyer,0,1,5,2.0,31
134900,CBlock,858,85,858.0,2009,1982,2,5,5,Sawyer,0,1,5,2.0,27
137000,CBlock,860,85,840.0,2009,1982,2,5,6,Sawyer,0,1,4,2.0,27
139000,CBlock,1092,20,1092.0,2009,1962,3,5,5,Sawyer,0,1,6,1.0,47
165000,CBlock,1774,80,552.0,2009,1961,4,5,5,Sawyer,0,1,8,1.0,48
148000,CBlock,1138,80,1138.0,2009,1960,3,6,5,Sawyer,0,1,6,2.0,49
63900,Slab,660,20,0.0,2009,1947,2,2,2,Sawyer,2,1,5,0.0,62
135000,CBlock,1229,20,1134.0,2009,1956,3,4,6,Edwards,0,1,6,1.0,53
82500,CBlock,861,30,861.0,2009,1940,1,4,5,Edwards,0,1,4,2.0,69
139600,Slab,1733,20,0.0,2009,1955,4,3,5,Edwards,2,1,8,2.0,54
122000,CBlock,1383,20,0.0,2009,1954,2,4,5,Edwards,3,1,6,2.0,55
127500,CBlock,1689,20,1436.0,2009,1956,3,6,5,Edwards,0,1,7,2.0,53
121500,CBlock,1073,20,1073.0,2009,1956,2,5,5,Edwards,0,1,5,1.0,53
60000,CBlock,1276,20,1276.0,2009,1958,3,5,3,Edwards,3,1,5,1.0,51
154400,CBlock,1639,60,747.0,2009,1946,3,6,7,Edwards,0,1,6,1.0,63
113000,CBlock,672,30,672.0,2009,1941,2,4,6,Edwards,0,1,4,1.0,68
125000,CBlock,1089,20,1089.0,2009,1954,3,5,6,Edwards,0,1,5,1.0,55
84000,Slab,845,20,0.0,2009,1957,3,4,3,Edwards,0,1,5,1.0,52
139500,CBlock,1049,120,1049.0,2009,1984,2,5,5,Edwards,0,1,5,1.0,25
131000,CBlock,1716,50,768.0,2009,1949,3,5,4,Edwards,2,1,8,1.0,60
105000,BrkTil,1258,50,560.0,2009,1939,2,6,5,Edwards,0,1,6,1.0,70
108000,CBlock,1510,70,755.0,2009,1940,4,4,5,Edwards,0,1,7,1.0,69
162000,PConc,1061,80,1054.0,2009,1990,1,7,6,SawyerW,0,1,4,2.0,19
156500,CBlock,1338,80,520.0,2009,1983,2,6,5,SawyerW,2,1,5,2.0,26
316600,CBlock,2132,50,1496.0,2009,1983,1,8,8,SawyerW,2,1,5,2.0,26
271900,CBlock,2196,20,2158.0,2009,1990,3,7,7,SawyerW,0,1,7,3.0,19
213000,PConc,1775,60,740.0,2009,1993,3,7,5,SawyerW,0,1,7,2.0,16
239900,PConc,1879,60,1079.0,2009,1993,3,7,5,SawyerW,0,1,8,2.0,16
239500,PConc,2020,60,1128.0,2009,1995,3,8,5,SawyerW,0,1,8,2.0,14
131000,PConc,2016,70,0.0,2009,1880,4,5,7,SawyerW,3,1,7,2.0,129
118964,Slab,1535,90,0.0,2009,1979,4,5,5,SawyerW,0,2,8,2.0,30
153337,CBlock,1224,90,1086.0,2009,1979,2,5,5,SawyerW,0,2,6,2.0,30
147983,Slab,2228,90,0.0,2009,1979,6,5,5,SawyerW,0,2,8,2.0,30
118858,Slab,1535,90,0.0,2009,1979,4,5,5,SawyerW,0,2,8,2.0,30
118858,Slab,1535,90,0.0,2009,1979,4,5,5,SawyerW,0,2,8,2.0,30
142953,Slab,2240,90,0.0,2009,1979,6,5,5,SawyerW,0,2,12,2.0,30
148325,CBlock,1229,90,1094.0,2009,1979,2,5,5,SawyerW,0,2,6,2.0,30
113722,Slab,1513,90,0.0,2009,1979,4,5,5,SawyerW,0,2,8,2.0,30
269500,PConc,2787,90,1168.0,2009,2000,6,7,5,SawyerW,0,2,8,4.0,9
269500,PConc,2787,90,1168.0,2009,2000,6,7,5,SawyerW,0,2,8,4.0,9
269500,PConc,2787,90,1168.0,2009,2000,6,7,5,SawyerW,0,2,8,4.0,9
323262,PConc,1680,20,1555.0,2009,2009,1,9,5,CollgCr,0,1,8,3.0,0
297000,PConc,1718,20,1705.0,2009,2007,3,8,5,CollgCr,0,1,7,3.0,2
295493,PConc,1630,20,1622.0,2009,2008,3,8,5,CollgCr,0,1,8,3.0,1
332000,PConc,1720,20,1720.0,2009,2008,3,9,5,CollgCr,0,1,8,3.0,1
239900,PConc,1468,20,1468.0,2009,2008,3,8,5,CollgCr,0,1,6,3.0,1
212000,PConc,1768,60,866.0,2009,2007,3,8,5,CollgCr,0,1,7,2.0,2
272500,PConc,1838,20,1838.0,2009,2007,3,8,5,CollgCr,0,1,7,2.0,2
239000,PConc,1800,20,1800.0,2009,2007,2,9,5,CollgCr,0,1,7,2.0,2
220000,PConc,1604,20,1604.0,2009,2006,3,7,5,CollgCr,0,1,8,2.0,3
200000,PConc,1290,20,1282.0,2009,2007,2,7,5,CollgCr,0,1,6,2.0,2
221800,PConc,1254,20,1254.0,2009,2008,2,8,5,CollgCr,0,1,5,3.0,1
194500,PConc,1232,20,1232.0,2009,2007,2,7,5,CollgCr,0,1,6,2.0,2
237000,PConc,1498,20,1498.0,2009,2005,3,8,5,CollgCr,0,1,7,3.0,4
173000,PConc,1422,60,704.0,2009,2005,3,6,5,CollgCr,0,1,7,2.0,4
275000,PConc,1644,80,1518.0,2009,1989,2,7,5,SawyerW,0,1,5,2.0,20
152000,PConc,1040,20,1040.0,2009,1996,3,5,5,CollgCr,0,1,6,2.0,13
143000,PConc,990,20,990.0,2009,1994,3,5,7,CollgCr,0,1,5,1.0,15
231500,PConc,1764,60,928.0,2009,1997,3,6,5,CollgCr,0,1,7,2.0,12
212000,PConc,1661,60,799.0,2009,1996,3,7,6,CollgCr,0,1,6,2.0,13
207000,PConc,1463,20,1463.0,2009,1998,3,7,5,CollgCr,0,1,5,2.0,11
145000,PConc,1097,20,1097.0,2009,1994,3,5,5,CollgCr,0,1,6,2.0,15
138000,PConc,990,20,990.0,2009,1994,3,5,5,CollgCr,0,1,5,2.0,15
197900,PConc,1779,60,866.0,2009,1998,3,7,5,CollgCr,0,1,6,2.0,11
204000,PConc,1501,20,1490.0,2009,1999,3,7,5,CollgCr,0,1,6,2.0,10
192000,PConc,1431,20,1431.0,2009,1999,3,7,5,CollgCr,0,1,6,2.0,10
200000,PConc,1772,60,928.0,2009,1998,3,6,5,CollgCr,0,1,7,2.0,11
195000,PConc,1660,60,831.0,2009,2002,3,7,5,CollgCr,0,1,7,2.0,7
227000,PConc,1573,20,1573.0,2009,2002,3,7,5,CollgCr,0,1,6,2.0,7
230000,PConc,1840,60,944.0,2009,2001,3,7,5,CollgCr,0,1,6,2.0,8
187100,PConc,1430,20,1413.0,2009,2001,3,7,5,CollgCr,0,1,6,2.0,8
203000,PConc,1444,20,1431.0,2009,2002,3,7,5,CollgCr,0,1,6,2.0,7
201000,PConc,1492,20,1492.0,2009,2001,3,7,5,CollgCr,0,1,6,2.0,8
124000,CBlock,1040,20,1040.0,2009,1978,3,5,5,CollgCr,0,1,5,0.0,31
140000,BrkTil,907,20,907.0,2009,1978,3,5,5,CollgCr,0,1,5,1.0,31
134900,CBlock,914,20,914.0,2009,1979,2,5,7,CollgCr,0,1,5,2.0,30
150500,CBlock,1040,20,1040.0,2009,1977,3,5,7,CollgCr,0,1,5,2.0,32
136500,CBlock,864,20,864.0,2009,1978,3,5,8,CollgCr,0,1,6,1.0,31
143500,CBlock,1268,20,1268.0,2009,1977,3,5,7,CollgCr,0,1,5,1.0,32
133500,CBlock,864,20,864.0,2009,1972,3,5,6,CollgCr,0,1,5,1.0,37
123000,CBlock,894,20,894.0,2009,1972,2,5,5,CollgCr,0,1,6,2.0,37
133900,CBlock,768,85,768.0,2009,1972,2,5,8,CollgCr,0,1,5,1.0,37
133000,CBlock,768,85,768.0,2009,1972,2,5,7,CollgCr,0,1,5,2.0,37
250000,PConc,1611,20,1569.0,2009,2002,3,7,5,CollgCr,0,1,6,3.0,7
254750,PConc,2184,60,1068.0,2009,2003,4,8,5,CollgCr,0,1,8,2.0,6
236500,PConc,1788,20,1753.0,2009,2001,3,8,5,CollgCr,0,1,7,2.0,8
261500,PConc,1872,60,1299.0,2009,2001,3,8,5,CollgCr,0,1,7,2.0,8
313000,PConc,2153,60,1440.0,2009,2000,3,9,5,CollgCr,0,1,8,3.0,9
198500,PConc,1725,60,840.0,2009,2002,3,7,5,CollgCr,0,1,6,2.0,7
211000,PConc,1870,60,944.0,2009,2001,3,7,5,CollgCr,0,1,6,2.0,8
220000,PConc,1513,20,1462.0,2009,1999,2,8,5,CollgCr,0,1,5,2.0,10
203000,PConc,1504,20,1504.0,2009,1996,3,7,5,CollgCr,0,1,6,2.0,13
279500,PConc,1828,20,1822.0,2009,2002,3,8,5,CollgCr,0,1,7,2.0,7
210000,PConc,1417,20,1417.0,2009,1997,3,7,5,CollgCr,0,1,7,2.0,12
219500,PConc,2034,60,1057.0,2009,1997,3,7,5,CollgCr,0,1,8,2.0,12
191000,PConc,1716,60,880.0,2009,1996,2,7,5,CollgCr,0,1,7,2.0,13
178000,PConc,1212,20,1212.0,2009,2001,3,7,5,CollgCr,0,1,6,2.0,8
213000,PConc,1630,20,1630.0,2009,2000,3,7,5,CollgCr,0,1,6,2.0,9
144000,PConc,848,120,848.0,2009,2003,1,6,5,CollgCr,0,1,4,2.0,6
140000,PConc,848,120,848.0,2009,2003,1,6,5,CollgCr,0,1,4,2.0,6
293200,PConc,1602,20,1578.0,2009,2007,3,8,5,CollgCr,0,1,7,3.0,2
190000,PConc,1728,60,864.0,2009,2004,3,7,5,CollgCr,0,1,7,2.0,5
190000,PConc,1500,20,1500.0,2009,2004,3,7,5,CollgCr,0,1,6,2.0,5
173500,PConc,1476,60,738.0,2009,2005,3,6,5,CollgCr,0,1,7,2.0,4
170000,PConc,1396,60,608.0,2009,2007,3,6,5,CollgCr,0,1,6,2.0,2
108000,CBlock,1126,20,0.0,2009,1949,2,4,5,Edwards,0,1,5,2.0,60
167000,PConc,1486,20,1486.0,2009,1964,3,5,7,Edwards,0,1,7,2.0,45
100000,CBlock,816,20,816.0,2009,1938,2,4,6,Edwards,0,1,3,1.0,71
198500,Slab,1922,85,0.0,2009,2003,4,7,5,Edwards,0,1,7,2.0,6
159500,CBlock,1426,60,690.0,2009,1977,3,6,6,Edwards,0,1,6,2.0,32
127000,CBlock,1149,20,1014.0,2009,1960,3,4,6,Edwards,1,1,7,1.0,49
125000,CBlock,1125,80,1041.0,2009,1976,3,6,6,Edwards,0,1,6,1.0,33
320000,PConc,1698,20,1698.0,2009,2007,3,9,5,Edwards,0,1,8,3.0,2
145500,Wood,1072,180,547.0,2009,2005,2,6,5,Edwards,0,1,5,2.0,4
118000,CBlock,698,20,698.0,2009,1947,2,5,9,Edwards,0,1,4,0.0,62
85000,CBlock,876,20,876.0,2009,1959,3,4,5,Edwards,0,1,5,1.0,50
120000,CBlock,1368,20,1078.0,2009,1950,3,5,5,Edwards,1,1,6,1.0,59
98000,Slab,1529,50,0.0,2009,1945,4,4,3,Edwards,3,1,9,1.0,64
99900,PConc,864,30,864.0,2009,1922,2,5,8,Edwards,0,1,4,0.0,87
82000,Slab,944,20,0.0,2009,1952,2,3,3,Edwards,1,1,4,2.0,57
119900,CBlock,1678,90,1678.0,2009,1959,6,5,5,Edwards,0,2,10,0.0,50
103500,CBlock,1560,20,1150.0,2009,1956,2,5,5,Edwards,1,1,7,1.0,53
112000,CBlock,960,20,672.0,2009,1956,3,4,3,Edwards,0,1,5,1.0,53
110000,BrkTil,1196,50,684.0,2009,1920,3,6,8,Edwards,0,1,7,2.0,89
122000,CBlock,1298,50,720.0,2009,1941,3,5,6,Edwards,0,1,6,1.0,68
117000,CBlock,1604,50,984.0,2009,1941,3,5,5,Edwards,2,1,6,2.0,68
160000,PConc,1268,50,832.0,2009,1938,3,5,4,SWISU,0,1,7,1.0,71
159434,BrkTil,1520,50,793.0,2009,1932,3,5,5,SWISU,0,1,6,1.0,77
60000,CBlock,438,30,290.0,2009,1920,1,2,5,SWISU,0,1,3,1.0,89
139500,BrkTil,1489,50,778.0,2009,1940,3,6,7,SWISU,0,1,7,1.0,69
197000,BrkTil,3082,75,824.0,2009,1920,5,7,3,SWISU,0,1,12,2.0,89
105000,BrkTil,1242,70,583.0,2009,1935,3,6,6,SWISU,0,1,6,1.0,74
135000,BrkTil,1981,50,1122.0,2009,1928,4,4,3,SWISU,2,1,7,2.0,81
137450,BrkTil,1608,50,976.0,2009,1925,3,6,6,SWISU,0,1,7,1.0,84
155000,PConc,1135,70,560.0,2009,1936,3,7,9,SWISU,0,1,6,2.0,73
145000,BrkTil,1477,50,861.0,2009,1928,3,7,7,SWISU,0,1,6,1.0,81
147000,CBlock,1344,70,672.0,2009,1920,3,5,7,IDOTRR,0,1,6,1.0,89
123000,BrkTil,2168,70,760.0,2009,1900,5,5,6,IDOTRR,0,1,11,2.0,109
78000,PConc,1192,70,596.0,2009,1920,3,5,5,IDOTRR,0,1,6,1.0,89
85000,CBlock,1526,50,1013.0,2009,1915,2,3,2,IDOTRR,0,1,6,0.0,94
75000,BrkTil,572,30,572.0,2009,1925,2,4,6,IDOTRR,0,1,4,1.0,84
57625,CBlock,810,30,0.0,2009,1910,1,2,4,IDOTRR,1,1,4,1.0,99
91000,CBlock,988,180,462.0,2009,1973,2,4,5,MeadowV,0,1,5,1.0,36
86000,CBlock,630,180,630.0,2009,1970,1,4,8,MeadowV,0,1,3,1.0,39
80000,CBlock,630,180,630.0,2009,1970,1,4,4,MeadowV,0,1,3,1.0,39
97000,CBlock,1344,160,546.0,2009,1970,3,4,6,MeadowV,0,1,6,0.0,39
88000,CBlock,1092,160,546.0,2009,1970,3,4,4,MeadowV,0,1,6,1.0,39
140000,CBlock,1069,120,1069.0,2008,1977,2,6,6,NPkVill,0,1,4,2.0,31
143000,CBlock,1456,160,855.0,2008,1975,4,6,6,NPkVill,0,1,7,2.0,33
148500,CBlock,1055,120,1055.0,2008,1977,2,7,6,NPkVill,0,1,4,2.0,31
394617,PConc,1932,20,1932.0,2008,2008,2,8,5,NridgHt,0,1,7,3.0,0
426000,PConc,2332,60,1682.0,2008,2007,3,10,5,NridgHt,0,1,9,3.0,1
385000,PConc,2084,20,2078.0,2008,2007,2,10,5,NridgHt,0,1,7,3.0,1
446261,PConc,2713,60,1452.0,2008,2008,3,9,5,NridgHt,0,1,11,3.0,0
317500,PConc,1582,20,1582.0,2008,2007,3,8,5,NridgHt,0,1,7,3.0,1
372402,PConc,1710,20,1710.0,2008,2007,2,8,5,NridgHt,0,1,6,3.0,1
417500,PConc,2464,20,2418.0,2008,2007,4,8,5,NridgHt,0,1,9,3.0,1
383000,PConc,1950,20,1950.0,2008,2007,2,9,5,NridgHt,0,1,7,3.0,1
390000,PConc,2748,60,1850.0,2008,2006,4,9,5,NridgHt,0,1,9,3.0,2
460000,PConc,2790,60,1620.0,2008,2005,4,10,5,NridgHt,0,1,10,4.0,3
379000,PConc,2331,60,1414.0,2008,2005,3,9,5,NridgHt,0,1,9,3.0,3
250000,PConc,2088,60,948.0,2008,2007,4,8,5,NridgHt,0,1,10,3.0,1
316000,PConc,2332,60,1148.0,2008,2004,4,8,5,NridgHt,0,1,9,3.0,4
615000,PConc,2470,20,2535.0,2008,2003,1,10,5,NridgHt,0,1,7,3.0,5
412500,PConc,2668,60,1572.0,2008,2003,3,9,5,NridgHt,0,1,10,3.0,5
284000,PConc,2046,60,998.0,2008,2003,3,7,5,NridgHt,0,1,8,3.0,5
284000,PConc,1575,20,1603.0,2008,2003,2,8,5,NridgHt,0,1,7,3.0,5
421250,PConc,2649,60,1479.0,2008,2001,4,8,5,NridgHt,0,1,10,3.0,7
370000,PConc,2690,60,1765.0,2008,2003,4,8,5,NridgHt,0,1,9,3.0,5
336860,PConc,1866,120,1858.0,2008,2008,2,9,5,NridgHt,0,1,7,3.0,0
367294,PConc,1702,120,1702.0,2008,2008,1,9,5,NridgHt,0,1,7,3.0,0
192000,PConc,1367,120,1367.0,2008,2005,2,7,5,NridgHt,0,1,6,2.0,3
274000,PConc,1518,120,1518.0,2008,2003,1,8,5,NridgHt,0,1,6,2.0,5
266000,PConc,1684,120,1684.0,2008,2005,2,9,5,NridgHt,0,1,6,2.0,3
370967,PConc,1800,120,1800.0,2008,2007,2,9,5,NridgHt,0,1,6,3.0,1
234250,PConc,1342,120,1342.0,2008,2006,2,8,5,NridgHt,0,1,6,2.0,2
219500,PConc,1342,120,1342.0,2008,2006,2,8,5,NridgHt,0,1,6,2.0,2
155000,PConc,1626,160,764.0,2008,2003,2,7,5,NridgHt,0,1,6,2.0,5
154000,PConc,1626,160,764.0,2008,2003,2,7,5,NridgHt,0,1,6,2.0,5
207000,PConc,1358,120,1358.0,2008,2004,2,7,5,NridgHt,0,1,6,2.0,4
195000,PConc,1455,120,1415.0,2008,2003,2,7,5,Blmngtn,0,1,6,3.0,5
219990,PConc,1576,120,1393.0,2008,2004,2,7,5,Blmngtn,0,1,7,3.0,4
191000,PConc,1504,120,1346.0,2008,2005,2,7,5,Blmngtn,0,1,7,2.0,3
159895,PConc,1266,20,1266.0,2008,2007,2,7,5,Blmngtn,0,1,6,2.0,1
187687,PConc,1246,20,1146.0,2008,2007,2,7,5,Blmngtn,0,1,5,2.0,1
217300,PConc,1358,120,1350.0,2008,2007,2,7,6,NridgHt,0,1,6,2.0,1
284500,PConc,2199,75,1173.0,2008,1997,3,8,5,NoRidge,0,1,9,2.0,11
315000,PConc,2630,60,1470.0,2008,1998,4,8,5,NoRidge,0,1,8,3.0,10
250000,PConc,2198,60,1145.0,2008,2000,4,8,5,NoRidge,0,1,9,3.0,8
291000,PConc,2172,60,1519.0,2008,2000,4,9,5,NoRidge,0,1,8,3.0,8
350000,PConc,2006,20,1982.0,2008,1998,2,8,5,NoRidge,0,1,5,3.0,10
279500,PConc,2125,60,1064.0,2008,1996,4,7,5,NoRidge,0,1,12,2.0,12
290000,PConc,2501,60,1242.0,2008,1995,4,8,7,NoRidge,0,1,9,3.0,13
350000,PConc,2113,20,2109.0,2008,1995,2,8,6,NoRidge,0,1,7,3.0,13
341000,PConc,2418,60,1311.0,2008,1993,3,7,5,NoRidge,0,1,9,3.0,15
287500,PConc,2197,60,1080.0,2008,1993,4,7,5,NoRidge,0,1,9,3.0,15
271000,PConc,2127,60,1223.0,2008,1994,3,7,5,NoRidge,0,1,5,2.0,14
301500,PConc,1987,20,1986.0,2008,1994,2,8,5,NoRidge,0,1,7,2.0,14
141000,PConc,1080,20,1080.0,2008,2004,3,7,5,SawyerW,0,1,6,0.0,4
188000,PConc,1696,60,835.0,2008,2003,3,6,5,SawyerW,0,1,7,2.0,5
192500,PConc,1663,60,835.0,2008,2003,3,7,5,SawyerW,0,1,8,2.0,5
146000,PConc,1175,20,1175.0,2008,2005,3,6,5,SawyerW,0,1,6,0.0,3
159000,PConc,1114,20,1114.0,2008,2004,3,5,5,SawyerW,0,1,6,2.0,4
155000,PConc,1114,20,1114.0,2008,2003,3,6,5,SawyerW,0,1,6,2.0,5
173000,PConc,1640,60,798.0,2008,2004,3,6,5,SawyerW,0,1,6,2.0,4
170000,PConc,1162,20,1162.0,2008,2007,3,7,5,SawyerW,0,1,6,2.0,1
182000,PConc,1609,60,754.0,2008,1995,3,6,5,SawyerW,0,1,6,2.0,13
163000,PConc,1680,60,886.0,2008,1993,3,6,5,SawyerW,0,1,7,2.0,15
193500,PConc,1679,20,1408.0,2008,1994,3,6,5,SawyerW,0,1,7,2.0,14
189000,PConc,1657,60,832.0,2008,1994,3,7,5,SawyerW,0,1,6,2.0,14
190500,PConc,1677,60,827.0,2008,2001,3,6,5,SawyerW,0,1,7,2.0,7
175000,PConc,1737,60,836.0,2008,1992,3,7,5,SawyerW,0,1,7,2.0,16
179200,CBlock,1294,20,1278.0,2008,1991,3,6,5,SawyerW,0,1,6,2.0,17
187000,PConc,1710,60,832.0,2008,1993,3,6,5,SawyerW,0,1,7,2.0,15
193000,PConc,1617,120,1604.0,2008,1993,2,6,5,SawyerW,0,1,5,2.0,15
153900,PConc,1199,120,1199.0,2008,1993,2,6,5,SawyerW,0,1,5,2.0,15
128000,PConc,984,20,984.0,2008,1963,3,5,5,Sawyer,0,1,5,1.0,45
144000,CBlock,912,20,912.0,2008,1962,2,5,6,Sawyer,0,1,4,1.0,46
135000,CBlock,864,20,864.0,2008,1961,3,5,8,Sawyer,0,1,5,1.0,47
115000,CBlock,890,190,890.0,2008,1968,3,5,5,Sawyer,0,1,5,1.0,40
119916,CBlock,864,20,864.0,2008,1963,3,5,5,Sawyer,0,1,5,1.0,45
142000,CBlock,912,20,912.0,2008,1961,3,6,8,Sawyer,0,1,5,1.0,47
140000,CBlock,1641,50,1001.0,2008,1972,4,5,4,Sawyer,0,1,5,2.0,36
290000,PConc,2683,60,930.0,2008,1990,4,6,5,NoRidge,0,1,9,2.0,18
372500,PConc,2786,60,1848.0,2008,1993,4,9,5,NoRidge,0,1,10,2.0,15
72500,CBlock,720,20,0.0,2008,1949,2,3,6,BrkSide,0,1,4,1.0,59
52000,CBlock,729,30,270.0,2008,1935,2,3,6,BrkSide,5,1,5,0.0,73
118000,BrkTil,1077,190,991.0,2008,1939,2,5,6,BrkSide,0,2,5,1.0,69
87000,PConc,906,70,348.0,2008,1937,2,4,7,BrkSide,0,1,5,1.0,71
138000,BrkTil,1143,30,1008.0,2008,1928,2,5,7,BrkSide,0,1,5,1.0,80
108000,CBlock,1668,50,672.0,2008,1945,3,7,7,BrkSide,0,1,8,1.0,63
79500,BrkTil,935,40,742.0,2008,1930,2,5,6,BrkSide,0,1,4,1.0,78
153000,BrkTil,1738,50,1024.0,2008,1935,3,5,5,BrkSide,0,1,6,1.0,73
109500,BrkTil,784,45,784.0,2008,1924,2,5,6,BrkSide,0,1,5,0.0,84
124000,CBlock,1210,50,672.0,2008,1941,3,5,7,BrkSide,0,1,6,1.0,67
106900,BrkTil,1290,70,554.0,2008,1900,3,6,9,BrkSide,0,1,6,1.0,108
164900,CBlock,1672,50,981.0,2008,1940,3,6,7,BrkSide,0,1,6,1.0,68
119000,BrkTil,949,30,949.0,2008,1924,2,5,7,BrkSide,0,1,5,2.0,84
120000,BrkTil,1158,50,862.0,2008,1929,3,6,7,BrkSide,0,1,5,1.0,79
157000,BrkTil,1497,50,825.0,2008,1937,3,6,7,BrkSide,0,1,5,1.0,71
105000,CBlock,1342,50,739.0,2008,1939,2,6,5,BrkSide,0,2,7,1.0,69
113000,BrkTil,1013,45,992.0,2008,1926,3,6,7,BrkSide,0,1,6,1.0,82
115000,BrkTil,1216,50,565.0,2008,1920,3,5,7,BrkSide,0,1,6,1.0,88
79000,PConc,896,20,0.0,2008,1946,2,4,7,BrkSide,0,1,4,1.0,62
123000,PConc,1136,50,704.0,2008,1929,2,4,7,BrkSide,0,1,6,1.0,79
81300,CBlock,808,30,0.0,2008,1945,1,5,6,BrkSide,2,1,6,1.0,63
162900,PConc,1573,50,1078.0,2008,1930,3,5,7,BrkSide,0,1,8,2.0,78
150000,BrkTil,2009,50,989.0,2008,1939,4,7,5,BrkSide,2,1,7,2.0,69
128000,BrkTil,1362,70,611.0,2008,1920,3,6,8,BrkSide,0,1,6,2.0,88
68500,BrkTil,520,30,520.0,2008,1927,1,4,6,BrkSide,0,1,4,1.0,81
127000,CBlock,1285,50,672.0,2008,1948,2,5,5,BrkSide,1,1,6,1.0,60
207000,BrkTil,1848,50,833.0,2008,1923,4,6,7,BrkSide,0,1,8,2.0,85
184000,PConc,1820,50,1026.0,2008,1925,4,7,6,BrkSide,0,1,8,1.0,83
162500,BrkTil,1716,50,810.0,2008,1915,4,6,4,BrkSide,0,1,8,2.0,93
145000,CBlock,1505,50,883.0,2008,1940,3,5,5,BrkSide,0,1,8,1.0,68
130000,BrkTil,838,30,816.0,2008,1918,2,6,7,BrkSide,0,1,5,1.0,90
93850,BrkTil,768,30,768.0,2008,1930,1,6,6,IDOTRR,0,1,4,2.0,78
136000,CBlock,1536,70,768.0,2008,1952,4,6,6,IDOTRR,0,1,7,1.0,56
141000,BrkTil,1969,50,1272.0,2008,1938,4,6,6,IDOTRR,1,1,9,2.0,70
120000,BrkTil,1308,50,880.0,2008,1915,2,5,6,IDOTRR,0,1,6,2.0,93
127500,CBlock,1040,30,1040.0,2008,1925,2,6,7,IDOTRR,0,1,5,2.0,83
127000,PConc,1236,50,768.0,2008,1925,3,6,6,IDOTRR,0,1,6,1.0,83
89500,CBlock,1406,50,319.0,2008,1920,3,6,7,IDOTRR,0,1,6,0.0,88
85000,BrkTil,759,30,451.0,2008,1912,1,5,8,IDOTRR,0,1,5,2.0,96
82375,PConc,1344,190,536.0,2008,1915,3,3,3,IDOTRR,0,2,8,0.0,93
135000,CBlock,1469,50,756.0,2008,1906,3,6,7,IDOTRR,0,1,7,1.0,102
124000,CBlock,1054,20,1046.0,2008,1947,3,5,6,Sawyer,0,1,6,1.0,61
134000,CBlock,1211,20,952.0,2008,1968,3,5,5,Sawyer,0,1,5,1.0,40
135000,CBlock,1271,50,720.0,2008,1948,4,5,5,Sawyer,0,1,7,1.0,60
127500,BrkTil,1355,190,644.0,2008,1940,4,5,7,Edwards,0,2,6,0.0,68
148000,CBlock,1075,85,981.0,2008,1963,3,5,6,Sawyer,0,1,6,2.0,45
129500,CBlock,1040,20,1040.0,2008,1965,3,5,5,Sawyer,0,1,5,1.0,43
157500,CBlock,1096,80,1008.0,2008,1978,3,6,5,Sawyer,0,1,6,2.0,30
109900,PConc,904,20,876.0,2008,1966,3,5,7,Sawyer,0,1,6,1.0,42
145000,CBlock,992,20,992.0,2008,1967,3,5,7,Sawyer,0,1,6,1.0,41
130000,CBlock,894,20,894.0,2008,1967,3,5,7,Sawyer,0,1,5,2.0,41
153000,CBlock,1034,85,450.0,2008,1978,3,6,8,Sawyer,0,1,6,2.0,30
120000,CBlock,1073,20,1073.0,2008,1967,3,5,5,Sawyer,0,1,6,1.0,41
152000,PConc,1126,85,1060.0,2008,1984,2,5,5,Sawyer,0,1,5,2.0,24
108959,CBlock,1258,90,1198.0,2008,1969,0,4,4,Sawyer,0,2,6,2.0,39
95541,PConc,1140,190,1300.0,2008,1920,3,5,4,Sawyer,0,1,6,2.0,88
80000,CBlock,1006,20,1006.0,2008,1959,3,5,3,Sawyer,0,1,5,0.0,49
149350,CBlock,1228,20,1228.0,2008,1966,3,5,6,Sawyer,0,1,6,1.0,42
144900,CBlock,960,20,960.0,2008,1963,3,5,8,Sawyer,0,1,6,1.0,45
185000,CBlock,1188,20,988.0,2008,1956,1,6,8,Sawyer,0,1,4,2.0,52
165000,PConc,1383,20,1383.0,2008,1954,3,5,5,Sawyer,0,1,6,1.0,54
140000,CBlock,1601,80,533.0,2008,1958,3,5,6,Sawyer,2,1,6,1.0,50
108000,PConc,672,30,672.0,2008,1940,2,5,8,Sawyer,0,1,4,1.0,68
152400,BrkTil,1350,50,576.0,2008,1941,2,5,7,Sawyer,1,1,6,3.0,67
144000,PConc,904,80,864.0,2008,1970,3,5,8,Sawyer,0,1,5,3.0,38
177000,CBlock,1357,80,1019.0,2008,1959,2,6,7,Edwards,0,1,5,1.0,49
125600,CBlock,1079,50,570.0,2008,1948,2,7,5,Edwards,0,1,5,1.0,60
155000,CBlock,1094,20,1094.0,2008,1953,3,6,5,Edwards,0,1,5,2.0,55
260000,PConc,1518,30,1580.0,2008,1940,2,5,7,Edwards,0,1,5,0.0,68
185000,BrkTil,1674,50,1163.0,2008,1918,4,6,7,Edwards,0,1,8,2.0,90
235000,CBlock,2108,70,1127.0,2008,1935,4,6,7,Edwards,0,1,7,2.0,73
159900,CBlock,1509,20,1509.0,2008,1956,3,5,6,Edwards,0,1,6,1.0,52
99600,PConc,864,90,864.0,2008,1975,2,5,5,Edwards,0,1,4,0.0,33
134500,CBlock,1269,60,621.0,2008,1962,3,6,8,Edwards,0,1,7,1.0,46
119000,BrkTil,1367,50,861.0,2008,1900,4,5,8,Edwards,0,1,7,1.0,108
107500,CBlock,1347,190,1117.0,2008,1910,3,5,7,Edwards,0,1,5,0.0,98
125000,CBlock,1164,190,1164.0,2008,1950,3,5,5,Edwards,0,1,5,1.0,58
79000,BrkTil,1096,50,572.0,2008,1924,2,6,5,Edwards,0,1,5,0.0,84
95000,CBlock,1111,50,616.0,2008,1941,3,5,6,Edwards,0,1,5,1.0,67
262280,PConc,2329,60,1475.0,2008,1990,4,7,5,SawyerW,0,1,10,2.0,18
260000,PConc,2814,60,1077.0,2008,1995,4,6,5,SawyerW,0,1,9,2.0,13
226500,PConc,1626,20,1602.0,2008,1994,3,7,5,SawyerW,0,1,7,2.0,14
225000,PConc,2200,60,812.0,2008,1993,4,7,5,SawyerW,0,1,9,2.0,15
229000,PConc,2037,80,672.0,2008,1996,3,7,5,SawyerW,0,1,8,2.0,12
177439,PConc,1356,60,628.0,2008,2007,3,7,5,CollgCr,0,1,6,2.0,1
248500,PConc,1615,20,1615.0,2008,2007,3,8,5,CollgCr,0,1,7,3.0,1
475000,PConc,2276,20,2271.0,2008,2008,3,9,5,CollgCr,0,1,7,3.0,0
395039,PConc,1766,20,1751.0,2008,2008,3,9,5,CollgCr,0,1,8,3.0,0
228000,PConc,2097,60,1080.0,2008,1993,3,7,5,SawyerW,0,1,9,3.0,15
225000,PConc,1511,80,1401.0,2008,1995,3,8,5,SawyerW,0,1,6,3.0,13
155000,PConc,990,20,990.0,2008,1994,3,5,7,CollgCr,0,1,5,2.0,14
144000,PConc,1099,20,1099.0,2008,1995,3,5,6,CollgCr,0,1,6,1.0,13
145000,PConc,990,20,990.0,2008,1994,3,5,5,CollgCr,0,1,5,2.0,14
226001,PConc,1418,20,1418.0,2008,1997,3,7,5,CollgCr,0,1,5,2.0,11
215700,PConc,1771,60,864.0,2008,1997,3,6,5,CollgCr,0,1,6,2.0,11
207500,PConc,1652,60,782.0,2008,2000,3,7,5,CollgCr,0,1,6,2.0,8
193000,PConc,1790,60,873.0,2008,1999,3,7,5,CollgCr,0,1,7,2.0,9
188000,PConc,1724,60,880.0,2008,1998,3,7,5,CollgCr,0,1,8,2.0,10
191000,PConc,1479,20,1468.0,2008,1999,3,7,5,CollgCr,0,1,6,2.0,9
221000,PConc,1494,20,1494.0,2008,2002,3,7,5,CollgCr,0,1,6,2.0,6
231500,PConc,1792,60,963.0,2008,2001,3,7,5,CollgCr,0,1,7,2.0,7
235000,PConc,1823,60,928.0,2008,2000,3,7,5,CollgCr,0,1,6,2.0,8
223500,PConc,1786,60,920.0,2008,2001,3,7,5,CollgCr,0,1,6,2.0,7
130250,CBlock,938,20,938.0,2008,1975,3,5,6,CollgCr,0,1,5,1.0,33
149900,CBlock,985,80,985.0,2008,1977,3,5,8,CollgCr,0,1,6,1.0,31
158000,CBlock,1174,20,864.0,2008,1978,3,5,6,CollgCr,0,1,5,2.0,30
147000,CBlock,1026,80,940.0,2008,1978,3,6,6,CollgCr,0,1,5,2.0,30
143195,CBlock,1076,20,1076.0,2008,1975,3,5,6,CollgCr,0,1,5,2.0,33
163000,CBlock,1558,20,864.0,2008,1975,2,5,6,CollgCr,2,1,5,2.0,33
110000,CBlock,924,20,924.0,2008,1975,3,5,6,CollgCr,0,1,5,1.0,33
127000,CBlock,864,20,864.0,2008,1972,3,5,7,CollgCr,0,1,5,1.0,36
124900,CBlock,780,20,780.0,2008,1972,2,5,7,CollgCr,0,1,4,1.0,36
230000,PConc,1795,20,1777.0,2008,2002,3,8,5,CollgCr,0,1,7,2.0,6
237000,PConc,2031,60,1128.0,2008,2002,3,8,5,CollgCr,0,1,7,2.0,6
235000,PConc,1865,60,992.0,2008,2000,3,7,5,CollgCr,0,1,7,3.0,8
230500,PConc,2161,60,1257.0,2008,2001,3,7,5,CollgCr,0,1,8,2.0,7
230000,PConc,1852,60,1004.0,2008,1999,3,8,5,CollgCr,0,1,7,3.0,9
222500,PConc,2031,60,1153.0,2008,1998,3,7,5,CollgCr,0,1,8,2.0,10
287000,PConc,2263,60,1055.0,2008,2001,3,8,5,CollgCr,0,1,7,2.0,7
274000,PConc,1947,60,1357.0,2008,2001,3,9,5,CollgCr,0,1,7,3.0,7
300000,PConc,1786,20,1778.0,2008,2002,3,8,5,CollgCr,0,1,6,3.0,6
255900,PConc,2290,60,1128.0,2008,2002,4,8,5,CollgCr,0,1,9,2.0,6
224900,PConc,1768,60,884.0,2008,2003,3,7,5,CollgCr,0,1,8,2.0,5
240000,PConc,2327,60,1129.0,2008,2003,4,7,5,CollgCr,0,1,9,2.0,5
183000,PConc,1640,60,798.0,2008,2003,3,7,5,CollgCr,0,1,6,2.0,5
207000,PConc,1764,60,850.0,2008,1999,3,8,5,CollgCr,0,1,7,2.0,9
210000,PConc,1908,60,915.0,2008,1994,4,7,5,CollgCr,0,1,8,2.0,14
136500,PConc,848,120,848.0,2008,2003,1,6,5,CollgCr,0,1,3,2.0,5
145000,PConc,848,120,848.0,2008,2004,1,6,5,CollgCr,0,1,3,2.0,4
208900,PConc,1493,20,1478.0,2008,1997,3,6,5,CollgCr,0,1,7,2.0,11
185000,PConc,1838,90,1838.0,2008,1997,2,6,5,CollgCr,0,2,8,3.0,11
214000,PConc,1536,20,1536.0,2008,2002,3,7,5,CollgCr,0,1,7,2.0,6
208500,PConc,1710,60,856.0,2008,2003,3,7,5,CollgCr,0,1,8,2.0,5
186500,PConc,1445,20,1445.0,2008,2004,3,7,5,CollgCr,0,1,6,2.0,4
210000,PConc,1436,20,1436.0,2008,2004,3,7,5,CollgCr,0,1,8,2.0,4
185900,PConc,1582,60,770.0,2008,2004,3,7,5,CollgCr,0,1,6,2.0,4
179900,PConc,1234,20,1234.0,2008,2007,3,8,5,CollgCr,0,1,7,2.0,1
218836,PConc,1564,20,1564.0,2008,2007,3,7,6,CollgCr,0,1,6,3.0,1
193000,PConc,1361,20,1351.0,2008,2007,3,7,5,CollgCr,0,1,6,2.0,1
189000,PConc,1456,60,728.0,2008,2005,3,7,5,CollgCr,0,1,7,2.0,3
149300,PConc,848,120,848.0,2008,2004,1,6,5,CollgCr,0,1,3,2.0,4
141000,PConc,848,120,848.0,2008,2004,1,6,5,CollgCr,0,1,3,2.0,4
149000,PConc,848,120,848.0,2008,2004,1,6,5,CollgCr,0,1,3,2.0,4
144500,PConc,848,120,848.0,2008,2004,1,6,5,CollgCr,0,1,4,2.0,4
85000,CBlock,796,30,796.0,2008,1910,2,5,7,Edwards,0,1,4,0.0,98
145900,CBlock,2200,90,1272.0,2008,1900,4,5,7,Edwards,0,2,9,0.0,108
123000,CBlock,1092,20,1092.0,2008,1966,3,5,5,Edwards,0,1,6,1.0,42
147500,CBlock,1256,20,1256.0,2008,1965,3,5,6,Edwards,0,1,6,1.0,43
165000,CBlock,1033,85,456.0,2008,1976,3,5,5,Edwards,0,1,6,2.0,32
135000,CBlock,1127,20,1127.0,2008,1976,3,6,6,Edwards,0,1,6,2.0,32
108000,CBlock,996,30,996.0,2008,1940,3,5,6,Edwards,0,1,6,0.0,68
137500,CBlock,1181,85,1138.0,2008,1972,3,4,5,Edwards,0,1,6,2.0,36
165400,PConc,1656,60,746.0,2008,2003,3,7,5,Edwards,0,1,7,2.0,5
147000,CBlock,1117,80,1029.0,2008,1977,3,6,6,Edwards,0,1,6,2.0,31
160500,CBlock,1398,60,684.0,2008,1976,3,6,7,Edwards,0,1,6,2.0,32
176000,PConc,1132,20,1132.0,2008,2005,2,4,5,Edwards,0,1,5,2.0,3
284700,Slab,3820,20,0.0,2008,1959,5,5,7,Edwards,0,1,11,2.0,49
160000,PConc,5642,60,6110.0,2008,2008,3,10,5,Edwards,0,1,12,2.0,0
148000,PConc,1072,180,547.0,2008,2005,2,6,5,Edwards,0,1,5,2.0,3
82000,PConc,1152,90,0.0,2008,1955,2,4,5,Edwards,0,2,6,0.0,53
82000,PConc,1152,90,0.0,2008,1955,2,4,5,Edwards,0,2,6,0.0,53
118000,CBlock,1440,90,1440.0,2008,1955,4,4,4,Edwards,0,2,8,0.0,53
82500,Slab,1152,90,0.0,2008,1955,2,4,5,Edwards,0,2,6,0.0,53
91900,CBlock,784,190,784.0,2008,1955,2,4,5,Edwards,0,1,4,0.0,53
120000,PConc,1053,50,585.0,2008,1938,2,5,7,Edwards,0,1,5,0.0,70
96000,Slab,1137,50,0.0,2008,1947,4,5,8,Edwards,1,1,8,0.0,61
99000,CBlock,930,20,911.0,2008,1953,2,4,5,Edwards,0,1,5,1.0,55
130500,CBlock,1200,50,768.0,2008,1946,3,5,6,Edwards,0,1,6,1.0,62
135000,PConc,1470,50,941.0,2008,1954,4,4,6,Edwards,0,1,7,1.0,54
135500,PConc,1393,50,816.0,2008,1955,3,5,7,Edwards,0,1,8,1.0,53
100000,CBlock,1204,80,416.0,2008,1954,3,4,6,Edwards,0,1,6,1.0,54
108000,PConc,1292,30,949.0,2008,1923,3,4,7,Edwards,0,1,6,1.0,85
98000,CBlock,864,30,864.0,2008,1925,2,5,6,Edwards,0,1,5,0.0,83
67000,BrkTil,864,30,864.0,2008,1914,2,3,3,Edwards,0,1,5,0.0,94
135900,PConc,1716,190,780.0,2008,1912,6,5,6,SWISU,0,1,9,0.0,96
140000,BrkTil,1482,70,672.0,2008,1925,4,6,8,SWISU,0,1,7,1.0,83
179500,PConc,2192,75,720.0,2008,1939,4,5,8,SWISU,0,1,8,1.0,69
136500,PConc,1694,50,1181.0,2008,1925,4,6,5,SWISU,0,1,7,2.0,83
168000,BrkTil,1424,30,1228.0,2008,1921,2,7,8,SWISU,0,1,7,1.0,87
130000,PConc,1964,70,940.0,2008,1911,4,5,6,SWISU,0,1,7,0.0,97
189000,BrkTil,2601,70,612.0,2008,1921,4,5,6,SWISU,0,1,8,2.0,87
161900,BrkTil,1920,90,960.0,2008,1930,4,6,7,SWISU,0,2,10,2.0,78
91000,BrkTil,790,30,768.0,2008,1930,2,6,5,SWISU,0,1,4,1.0,78
115000,BrkTil,1639,50,1064.0,2008,1936,3,6,5,SWISU,5,1,6,1.0,72
126000,BrkTil,919,30,894.0,2008,1926,2,6,8,IDOTRR,0,1,5,1.0,82
120000,CBlock,1090,50,720.0,2008,1940,3,6,8,IDOTRR,0,1,5,1.0,68
55000,BrkTil,796,30,796.0,2008,1922,2,4,4,IDOTRR,0,1,5,0.0,86
120500,BrkTil,816,30,816.0,2008,1930,2,6,8,IDOTRR,0,1,5,1.0,78
120500,CBlock,778,30,740.0,2008,1940,2,5,6,IDOTRR,0,1,4,1.0,68
119000,CBlock,1200,50,780.0,2008,1930,4,5,7,IDOTRR,0,1,7,0.0,78
126000,CBlock,1656,80,624.0,2008,1967,3,5,5,IDOTRR,3,1,7,1.0,41
99500,BrkTil,912,30,520.0,2008,1930,2,5,7,IDOTRR,0,1,5,1.0,78
165500,CBlock,1955,50,1151.0,2008,1958,4,5,5,IDOTRR,0,1,7,1.0,50
13100,Slab,733,20,0.0,2008,1952,2,1,5,IDOTRR,Sal,1,4,2.0,56
89000,Stone,1361,70,173.0,2008,1895,2,4,7,IDOTRR,0,1,6,1.0,113
40000,BrkTil,1317,70,649.0,2008,1920,3,4,4,IDOTRR,0,1,6,1.0,88
80900,PConc,1049,50,356.0,2008,1910,2,4,7,IDOTRR,0,1,5,1.0,98
81000,CBlock,894,30,894.0,2008,1935,2,3,4,IDOTRR,0,1,6,3.0,73
65000,Stone,864,70,592.0,2008,1920,3,4,6,IDOTRR,2,1,5,1.0,88
124000,PConc,1040,120,1040.0,2008,1975,3,5,6,MeadowV,0,1,6,2.0,33
115000,PConc,1304,160,264.0,2008,1976,3,5,6,MeadowV,0,1,4,1.0,32
129500,PConc,1475,160,550.0,2008,1976,4,5,7,MeadowV,0,1,6,1.0,32
105000,CBlock,988,180,526.0,2008,1973,2,4,7,MeadowV,0,1,5,1.0,35
94900,CBlock,988,180,462.0,2008,1973,1,4,6,MeadowV,0,1,4,1.0,35
98000,CBlock,1092,160,546.0,2008,1970,3,6,9,MeadowV,0,1,6,0.0,38
81000,CBlock,630,180,630.0,2008,1972,1,4,7,MeadowV,0,1,3,0.0,36
103000,BrkTil,1836,70,686.0,2008,1900,4,5,1,IDOTRR,4,1,7,1.0,108
128000,CBlock,958,120,1078.0,2007,1976,2,6,5,NPkVill,0,1,5,2.0,31
155000,CBlock,1548,160,804.0,2007,1976,3,6,6,NPkVill,0,1,7,2.0,31
142500,CBlock,1055,120,1061.0,2007,1978,2,7,7,NPkVill,0,1,4,1.0,29
356000,PConc,1816,20,1790.0,2007,2006,3,9,5,NridgHt,0,1,7,3.0,1
314813,PConc,1828,20,1822.0,2007,2007,3,9,5,NridgHt,0,1,9,3.0,0
318000,PConc,1694,20,1694.0,2007,2007,3,8,5,NridgHt,0,1,7,3.0,0
322400,PConc,1694,20,1694.0,2007,2006,3,8,5,NridgHt,0,1,7,3.0,1
318000,PConc,1734,20,1734.0,2007,2007,3,8,5,NridgHt,0,1,7,3.0,0
345474,PConc,2122,20,2108.0,2007,2007,2,8,5,NridgHt,0,1,7,3.0,0
415298,PConc,2121,20,2121.0,2007,2006,3,9,5,NridgHt,0,1,8,3.0,1
492000,PConc,2656,60,1934.0,2007,2007,3,9,5,NridgHt,0,1,8,3.0,0
338931,PConc,2550,60,1108.0,2007,2006,4,8,5,NridgHt,0,1,11,3.0,1
450000,PConc,2046,20,1994.0,2007,2005,2,10,5,NridgHt,0,1,7,3.0,2
280000,PConc,2172,60,1063.0,2007,2006,3,7,5,NridgHt,0,1,9,3.0,1
479069,PConc,2552,20,2552.0,2007,2007,3,9,5,NridgHt,0,1,8,3.0,0
395000,PConc,1973,20,1935.0,2007,2006,3,8,5,NridgHt,0,1,9,3.0,1
380000,PConc,2643,60,2153.0,2007,2006,3,9,5,NridgHt,0,1,9,3.0,1
250000,PConc,1634,20,1626.0,2007,2006,3,8,5,NridgHt,0,1,7,3.0,1
440000,PConc,1976,20,1976.0,2007,2006,2,8,5,NridgHt,0,1,7,3.0,1
418000,PConc,2758,60,1704.0,2007,2005,4,9,5,NridgHt,0,1,9,3.0,2
500067,PConc,2290,20,2320.0,2007,2007,2,10,5,NridgHt,0,1,7,3.0,0
260116,PConc,2152,60,1582.0,2007,2007,3,8,5,NridgHt,0,1,7,2.0,0
317000,PConc,2473,60,1143.0,2007,2004,4,8,5,NridgHt,0,1,9,3.0,3
319500,PConc,2100,60,918.0,2007,2007,3,8,5,NridgHt,0,1,8,3.0,0
325624,PConc,2161,60,1582.0,2007,2007,3,8,5,NridgHt,0,1,8,3.0,0
372000,PConc,1802,20,1802.0,2007,2006,3,9,5,NridgHt,0,1,7,3.0,1
342000,PConc,2956,60,1706.0,2007,2004,5,8,5,NridgHt,0,1,11,3.0,3
354000,PConc,2468,60,1136.0,2007,2004,4,8,5,NridgHt,0,1,10,3.0,3
350000,PConc,2385,60,1317.0,2007,2003,3,8,5,NridgHt,0,1,7,3.0,4
285000,PConc,2374,60,1181.0,2007,2003,4,8,5,NridgHt,0,1,10,3.0,4
281500,PConc,1818,60,895.0,2007,2007,3,8,5,NridgHt,0,1,8,3.0,0
245700,PConc,1614,20,1614.0,2007,2005,3,7,5,NridgHt,0,1,7,3.0,2
232698,PConc,1721,20,1721.0,2007,2005,3,8,5,NridgHt,0,1,7,2.0,2
250000,PConc,1828,60,1298.0,2007,2006,3,8,5,NridgHt,0,1,7,3.0,1
194700,PConc,1362,120,1362.0,2007,2005,2,6,5,NridgHt,0,1,6,2.0,2
204000,PConc,1302,120,1302.0,2007,2005,1,6,5,NridgHt,0,1,5,2.0,2
200000,PConc,1302,120,1302.0,2007,2005,1,6,5,NridgHt,0,1,5,2.0,2
207000,PConc,1362,120,1362.0,2007,2005,2,6,5,NridgHt,0,1,6,2.0,2
209500,PConc,1554,120,1554.0,2007,2006,2,8,5,NridgHt,0,1,6,2.0,1
209500,PConc,1554,120,1554.0,2007,2006,2,8,5,NridgHt,0,1,6,2.0,1
202500,PConc,1370,120,1370.0,2007,2006,2,8,5,NridgHt,0,1,6,2.0,1
280000,PConc,1577,120,1577.0,2007,2005,2,9,5,NridgHt,0,1,6,2.0,2
277500,PConc,1561,120,1561.0,2007,2005,2,9,5,NridgHt,0,1,6,2.0,2
318061,PConc,1869,120,1869.0,2007,2007,2,9,5,NridgHt,0,1,6,2.0,0
221370,PConc,1324,120,1324.0,2007,2006,2,8,5,NridgHt,0,1,6,2.0,1
200000,PConc,1405,120,1405.0,2007,2003,2,7,5,NridgHt,0,1,6,2.0,4
172500,PConc,1258,120,1258.0,2007,2006,2,7,5,Blmngtn,0,1,6,3.0,1
194201,PConc,1402,120,1258.0,2007,2006,2,7,5,Blmngtn,0,1,7,3.0,1
226500,PConc,1589,120,1406.0,2007,2003,2,8,5,Blmngtn,0,1,7,3.0,4
185485,PConc,1266,20,1266.0,2007,2007,2,7,5,Blmngtn,0,1,6,2.0,0
745000,PConc,4476,60,2396.0,2007,1996,4,10,5,NoRidge,0,1,10,3.0,11
384500,PConc,2551,60,1779.0,2007,1997,4,8,5,NoRidge,0,1,8,3.0,10
248000,PConc,2285,60,969.0,2007,2000,4,8,5,NoRidge,0,1,8,3.0,7
466500,PConc,2633,20,2633.0,2007,2001,2,10,5,NoRidge,0,1,8,3.0,6
410000,PConc,3078,60,1408.0,2007,1998,4,9,5,NoRidge,0,1,9,3.0,9
322500,PConc,2582,60,1389.0,2007,1998,4,8,5,NoRidge,0,1,9,3.0,9
252000,PConc,2385,60,1066.0,2007,1998,4,7,5,NoRidge,0,1,8,3.0,9
755000,PConc,4316,60,2444.0,2007,1994,4,10,6,NoRidge,0,1,10,3.0,13
269790,PConc,2013,60,1117.0,2007,1996,3,7,5,NoRidge,0,1,8,2.0,11
315750,PConc,2398,60,1379.0,2007,1996,3,7,5,NoRidge,0,1,8,3.0,11
290000,PConc,2520,60,1203.0,2007,1995,4,7,5,NoRidge,0,1,9,3.0,12
290000,PConc,2531,60,1318.0,2007,1995,4,8,5,NoRidge,0,1,9,3.0,12
430000,PConc,3228,20,3200.0,2007,1992,4,8,5,NoRidge,0,1,10,2.0,15
263000,PConc,2202,60,1105.0,2007,1992,4,8,5,NoRidge,0,1,9,2.0,15
330000,PConc,2538,60,1325.0,2007,1996,4,8,5,NoRidge,0,1,8,3.0,11
146000,PConc,1100,20,1100.0,2007,2006,3,6,5,SawyerW,0,1,6,0.0,1
147000,PConc,1143,20,1143.0,2007,2006,3,7,5,SawyerW,0,1,5,0.0,1
149000,PConc,1094,20,1094.0,2007,2003,3,5,5,SawyerW,0,1,6,2.0,4
181000,PConc,1486,20,1461.0,2007,2006,3,7,5,SawyerW,0,1,7,2.0,1
201000,PConc,1721,60,928.0,2007,1994,3,6,5,SawyerW,0,1,7,2.0,13
191750,PConc,1820,60,864.0,2007,1993,3,6,5,SawyerW,0,1,7,2.0,14
179000,PConc,1349,20,1349.0,2007,2000,3,7,5,SawyerW,0,1,6,2.0,7
215000,PConc,1494,20,1482.0,2007,1998,3,7,5,SawyerW,0,1,5,2.0,9
179200,PConc,1575,120,1575.0,2007,1992,2,6,5,SawyerW,0,1,5,2.0,15
128000,CBlock,1266,160,630.0,2007,1980,2,6,5,SawyerW,0,1,5,1.0,27
144000,CBlock,884,85,840.0,2007,1983,2,5,7,SawyerW,0,1,5,2.0,24
144000,Slab,2020,90,0.0,2007,1977,4,5,5,SawyerW,0,2,10,2.0,30
120750,CBlock,894,20,894.0,2007,1977,2,5,5,Sawyer,0,1,5,1.0,30
132500,CBlock,970,20,970.0,2007,1963,2,5,6,Sawyer,0,1,5,2.0,44
132000,CBlock,1057,20,1057.0,2007,1962,3,5,5,Sawyer,0,1,6,2.0,45
132500,CBlock,999,20,999.0,2007,1962,3,5,7,Sawyer,0,1,6,1.0,45
129000,CBlock,1120,20,1040.0,2007,1961,3,4,5,Sawyer,0,1,5,2.0,46
143900,CBlock,1696,20,1140.0,2007,1962,3,5,5,Sawyer,2,1,8,1.0,45
145000,CBlock,1040,20,1040.0,2007,1968,3,5,7,Sawyer,0,1,5,2.0,39
128500,CBlock,988,20,988.0,2007,1961,3,5,5,Sawyer,0,1,5,2.0,46
125500,CBlock,902,20,876.0,2007,1967,3,5,6,Sawyer,0,1,6,1.0,40
129000,CBlock,1037,20,1037.0,2007,1974,2,5,5,Sawyer,0,1,5,2.0,33
171000,CBlock,1701,85,1390.0,2007,1975,3,5,5,Sawyer,2,1,6,2.0,32
147000,CBlock,1055,20,1044.0,2007,1973,2,6,7,Sawyer,0,1,5,2.0,34
302000,PConc,2810,60,1453.0,2007,1990,4,8,5,NoRidge,0,1,9,2.0,17
285000,PConc,2872,50,1683.0,2007,1992,4,8,5,NoRidge,0,1,9,2.0,15
213750,CBlock,1295,120,1057.0,2007,1978,1,8,6,Greens,0,1,4,2.0,29
190000,CBlock,2620,90,1361.0,2007,1977,4,5,5,Sawyer,0,2,12,2.0,30
39300,Slab,334,20,0.0,2007,1946,1,1,3,BrkSide,0,1,2,0.0,61
64500,CBlock,666,20,666.0,2007,1946,2,3,3,BrkSide,0,1,4,0.0,61
64000,CBlock,670,50,370.0,2007,1945,2,3,5,BrkSide,0,1,4,0.0,62
112000,CBlock,808,20,808.0,2007,1958,2,5,8,BrkSide,0,1,5,1.0,49
136500,PConc,1060,40,756.0,2007,1925,1,5,7,BrkSide,3,1,6,1.0,82
128250,CBlock,1435,50,910.0,2007,1950,3,5,6,BrkSide,0,1,6,1.0,57
144000,BrkTil,1167,30,915.0,2007,1920,3,5,5,BrkSide,4,1,6,2.0,87
210000,BrkTil,1635,50,1065.0,2007,1923,3,6,7,BrkSide,0,1,6,2.0,84
135000,CBlock,1274,50,728.0,2007,1939,3,5,7,BrkSide,0,1,6,1.0,68
128000,CBlock,1232,70,600.0,2007,1939,3,6,6,BrkSide,0,1,6,1.0,68
131000,BrkTil,1218,50,735.0,2007,1941,3,6,6,BrkSide,0,1,6,2.0,66
113000,BrkTil,884,45,884.0,2007,1939,2,5,7,BrkSide,0,1,5,1.0,68
126000,BrkTil,1409,50,861.0,2007,1938,3,6,5,BrkSide,0,1,6,2.0,69
132000,BrkTil,1322,50,672.0,2007,1939,4,5,8,BrkSide,0,1,7,1.0,68
131750,BrkTil,1426,50,966.0,2007,1930,3,5,7,BrkSide,0,1,6,1.0,77
132500,BrkTil,1281,50,756.0,2007,1926,2,5,6,BrkSide,0,1,6,2.0,81
137500,BrkTil,1513,70,939.0,2007,1920,4,5,8,BrkSide,0,1,8,1.0,87
132000,BrkTil,854,45,832.0,2007,1929,2,7,8,BrkSide,0,1,5,2.0,78
127500,BrkTil,1367,50,884.0,2007,1931,3,6,6,BrkSide,0,1,6,1.0,76
102000,BrkTil,986,30,960.0,2007,1926,2,6,5,BrkSide,0,1,5,1.0,81
180500,PConc,1824,70,764.0,2007,1919,3,6,6,BrkSide,0,1,8,2.0,88
165000,PConc,1376,50,768.0,2007,1920,3,6,7,BrkSide,0,1,7,2.0,87
90000,PConc,1316,50,750.0,2007,1926,4,5,5,BrkSide,0,1,7,2.0,81
153575,BrkTil,1396,70,698.0,2007,1915,3,6,7,BrkSide,0,1,7,1.0,92
169500,PConc,1818,50,1040.0,2007,1931,4,7,4,IDOTRR,0,1,7,1.0,76
139400,PConc,1108,45,637.0,2007,1930,3,7,7,IDOTRR,0,1,6,1.0,77
202500,CBlock,2294,80,741.0,2007,1963,5,6,6,IDOTRR,0,1,9,2.0,44
127000,PConc,1355,70,684.0,2007,1914,3,6,7,IDOTRR,0,1,7,0.0,93
141000,PConc,1375,50,780.0,2007,1937,3,6,6,IDOTRR,0,1,6,1.0,70
212300,CBlock,1952,60,976.0,2007,1950,4,7,9,IDOTRR,0,1,8,1.0,57
161000,CBlock,2180,50,1138.0,2007,1915,3,6,5,IDOTRR,0,1,7,2.0,92
99500,BrkTil,1315,190,808.0,2007,1958,3,4,6,IDOTRR,0,1,5,2.0,49
101000,BrkTil,1111,75,530.0,2007,1920,3,5,7,IDOTRR,0,1,6,1.0,87
109900,CBlock,1196,30,1196.0,2007,1916,2,4,7,IDOTRR,0,1,5,2.0,91
50000,CBlock,1484,50,771.0,2007,1910,3,4,1,IDOTRR,Sal,1,6,1.0,97
219000,CBlock,2267,70,1005.0,2007,1937,3,7,8,Sawyer,0,1,7,2.0,70
126000,BrkTil,1134,50,756.0,2007,1940,3,5,6,Edwards,0,1,7,1.0,67
108500,CBlock,1282,190,672.0,2007,1942,2,5,6,SWISU,0,1,4,1.0,65
130000,CBlock,999,190,925.0,2007,1963,3,5,5,Sawyer,0,1,6,1.0,44
158450,CBlock,1452,85,1420.0,2007,1964,2,5,5,Sawyer,2,1,6,2.0,43
115400,CBlock,1005,20,1005.0,2007,1964,3,4,3,Sawyer,0,1,5,2.0,43
118500,CBlock,1029,20,1029.0,2007,1961,3,4,5,Sawyer,0,1,5,1.0,46
165000,CBlock,1020,80,980.0,2007,1964,3,5,8,Sawyer,0,1,5,2.0,43
123000,CBlock,1040,20,1040.0,2007,1966,3,5,4,Sawyer,0,1,6,1.0,41
129000,CBlock,913,85,814.0,2007,1966,3,6,5,Sawyer,0,1,6,1.0,41
125000,CBlock,894,20,894.0,2007,1966,3,5,5,Sawyer,0,1,5,1.0,41
108000,PConc,948,20,948.0,2007,1968,3,5,5,Sawyer,0,1,6,1.0,39
119900,CBlock,868,190,768.0,2007,1971,2,5,6,Sawyer,0,1,6,2.0,36
115000,CBlock,897,20,876.0,2007,1968,3,5,5,Sawyer,0,1,5,1.0,39
134500,CBlock,943,20,943.0,2007,1967,2,5,5,Sawyer,0,1,5,2.0,40
127000,CBlock,955,20,955.0,2007,1966,3,5,7,Sawyer,0,1,6,1.0,41
129000,CBlock,894,20,894.0,2007,1968,3,5,5,Sawyer,0,1,5,2.0,39
143500,CBlock,1285,20,660.0,2007,1977,3,6,5,Sawyer,0,1,7,2.0,30
129000,CBlock,912,20,912.0,2007,1966,3,5,7,Sawyer,0,1,6,1.0,41
187000,CBlock,1375,20,1240.0,2007,1956,3,5,5,Sawyer,0,1,6,1.0,51
158000,CBlock,2654,60,671.0,2007,1920,4,5,4,Sawyer,3,1,11,2.0,87
112000,BrkTil,1416,30,816.0,2007,1918,3,5,7,Sawyer,0,1,7,2.0,89
165250,BrkTil,1302,50,680.0,2007,1940,2,7,8,Sawyer,0,1,6,1.0,67
150000,CBlock,1299,20,967.0,2007,1954,3,6,5,Sawyer,0,1,6,2.0,53
137000,CBlock,1176,20,1158.0,2007,1958,3,5,6,Sawyer,0,1,6,1.0,49
89500,Slab,998,20,0.0,2007,1945,3,4,7,Sawyer,2,1,5,2.0,62
216000,CBlock,1325,20,409.0,2007,1948,3,5,7,Edwards,0,1,6,2.0,59
130000,CBlock,1630,20,1073.0,2007,1953,3,5,5,Edwards,3,1,6,2.0,54
109900,CBlock,1242,20,484.0,2007,1946,2,4,5,Edwards,3,1,4,1.0,61
243000,CBlock,2158,20,1202.0,2007,1950,4,6,7,Edwards,0,1,7,2.0,57
154000,CBlock,1626,50,988.0,2007,1954,3,6,6,Edwards,0,1,6,1.0,53
118000,CBlock,864,20,864.0,2007,1958,3,5,5,SWISU,0,1,6,1.0,49
80000,Slab,943,30,0.0,2007,1958,3,4,5,Edwards,2,1,5,1.0,49
150000,PConc,1440,90,1440.0,2007,1977,4,4,3,Edwards,0,2,8,0.0,30
86000,BrkTil,605,30,528.0,2007,1920,2,4,7,Edwards,0,1,5,0.0,87
130000,CBlock,1038,120,1038.0,2007,1984,2,5,6,Edwards,0,1,5,1.0,23
125000,CBlock,1342,20,1342.0,2007,1951,4,5,6,Edwards,0,1,7,1.0,56
136500,PConc,1480,50,1080.0,2007,1951,4,5,6,Edwards,0,1,7,1.0,56
96000,BrkTil,1362,50,951.0,2007,1920,4,4,5,Edwards,0,1,7,1.0,87
120000,PConc,1340,20,0.0,2007,1957,3,5,6,Edwards,0,1,7,1.0,50
228500,CBlock,1822,50,1105.0,2007,1984,4,6,5,SawyerW,2,1,7,2.0,23
179900,PConc,1442,20,910.0,2007,1990,3,7,5,SawyerW,0,1,6,2.0,17
225000,CBlock,2243,60,700.0,2007,1990,4,7,5,SawyerW,0,1,8,3.0,17
301000,CBlock,2730,60,1502.0,2007,1986,4,7,5,SawyerW,0,1,8,2.0,21
238000,PConc,2127,60,1104.0,2007,1991,4,7,5,SawyerW,0,1,8,3.0,16
228500,CBlock,1982,60,807.0,2007,1989,3,7,6,SawyerW,0,1,7,2.0,18
220000,PConc,1958,60,779.0,2007,1994,3,7,5,SawyerW,0,1,7,2.0,13
383970,PConc,2696,60,1264.0,2007,2007,4,7,5,CollgCr,0,1,10,3.0,0
424870,PConc,2828,60,1466.0,2007,2006,4,8,5,CollgCr,0,1,11,3.0,1
250000,PConc,1651,20,1643.0,2007,2007,3,8,5,CollgCr,0,1,7,3.0,0
360000,PConc,2140,20,2140.0,2007,2006,3,8,5,CollgCr,0,1,8,3.0,1
279500,PConc,1494,20,1494.0,2007,2006,3,7,5,CollgCr,0,1,7,3.0,1
200141,PConc,1316,20,1316.0,2007,2007,3,7,5,CollgCr,0,1,6,2.0,0
246500,PConc,1651,20,1643.0,2007,2007,3,8,5,CollgCr,0,1,7,3.0,0
276000,PConc,2574,60,1482.0,2007,2007,3,8,5,CollgCr,0,1,10,3.0,0
203000,PConc,1274,20,1274.0,2007,2005,3,7,5,CollgCr,0,1,6,2.0,2
155835,PConc,1456,60,728.0,2007,2006,3,7,5,CollgCr,0,1,8,2.0,1
194000,PConc,1240,20,1240.0,2007,2006,2,7,5,CollgCr,0,1,5,3.0,1
195400,PConc,1208,20,1208.0,2007,2007,2,7,5,CollgCr,0,1,6,2.0,0
217000,PConc,1546,20,1546.0,2007,2005,3,7,5,CollgCr,0,1,7,3.0,2
212999,PConc,1500,20,1489.0,2007,2006,3,8,5,CollgCr,0,1,7,2.0,1
175900,PConc,1270,20,1270.0,2007,2005,2,7,5,CollgCr,0,1,6,2.0,2
191000,PConc,1795,60,879.0,2007,2005,3,7,5,CollgCr,0,1,7,2.0,2
176432,PConc,1314,20,1314.0,2007,2006,3,6,5,CollgCr,0,1,6,2.0,1
277000,CBlock,2062,60,1157.0,2007,1988,3,7,5,SawyerW,0,1,7,2.0,19
207000,PConc,1873,60,929.0,2007,1988,3,7,5,SawyerW,0,1,7,2.0,19
139500,PConc,1022,20,1022.0,2007,1994,3,5,5,CollgCr,0,1,6,2.0,13
126000,PConc,990,20,990.0,2007,1994,3,5,5,CollgCr,0,1,5,1.0,13
177500,PConc,1200,20,1200.0,2007,1995,3,6,5,CollgCr,0,1,6,2.0,12
175000,PConc,1308,60,635.0,2007,1997,3,6,6,CollgCr,0,1,6,2.0,10
211000,PConc,1796,60,794.0,2007,1998,3,6,5,CollgCr,0,1,7,2.0,9
146000,PConc,990,20,990.0,2007,1994,3,5,7,CollgCr,0,1,5,1.0,13
147900,PConc,1097,20,1097.0,2007,1996,3,5,5,CollgCr,0,1,6,1.0,11
123600,PConc,990,20,990.0,2007,1994,3,4,5,CollgCr,0,1,5,0.0,13
204750,PConc,1786,60,824.0,2007,1997,3,6,5,CollgCr,0,1,7,2.0,10
235500,PConc,1873,60,988.0,2007,1999,3,7,5,CollgCr,0,1,7,2.0,8
217000,PConc,1753,60,853.0,2007,1998,3,7,5,CollgCr,0,1,7,2.0,9
190550,PConc,1690,60,845.0,2007,2001,3,7,5,CollgCr,0,1,7,2.0,6
217500,PConc,1842,60,985.0,2007,2000,3,7,5,CollgCr,0,1,7,2.0,7
226000,PConc,1479,20,1453.0,2007,2003,3,7,5,CollgCr,0,1,7,2.0,4
180000,PConc,1668,60,840.0,2007,2003,3,7,5,CollgCr,0,1,8,2.0,4
131000,CBlock,894,20,864.0,2007,1974,3,5,5,CollgCr,0,1,5,2.0,33
153500,CBlock,1025,80,1015.0,2007,1976,3,5,5,CollgCr,0,1,6,2.0,31
160000,CBlock,1009,80,995.0,2007,1977,3,5,7,CollgCr,0,1,6,2.0,30
134900,CBlock,1040,20,1040.0,2007,1977,3,5,5,CollgCr,0,1,5,2.0,30
130000,CBlock,907,20,876.0,2007,1977,3,5,4,CollgCr,0,1,5,1.0,30
120000,CBlock,879,20,864.0,2007,1975,3,5,6,CollgCr,0,1,5,2.0,32
112500,CBlock,882,20,882.0,2007,1972,3,5,5,CollgCr,0,1,5,2.0,35
122000,CBlock,969,20,969.0,2007,1975,3,5,6,CollgCr,0,1,5,2.0,32
127000,CBlock,864,20,864.0,2007,1972,3,5,5,CollgCr,0,1,5,2.0,35
117000,CBlock,875,20,385.0,2007,1972,3,4,8,CollgCr,0,1,5,2.0,35
305900,PConc,2000,20,2000.0,2007,2004,3,8,5,CollgCr,0,1,8,3.0,3
228500,PConc,2169,60,1284.0,2007,2002,3,8,5,CollgCr,0,1,7,2.0,5
270000,PConc,1673,20,1673.0,2007,2000,3,7,5,CollgCr,0,1,7,2.0,7
192000,PConc,1459,20,1459.0,2007,2002,3,7,5,CollgCr,0,1,6,2.0,5
213000,PConc,1932,60,979.0,2007,2003,3,7,5,CollgCr,0,1,7,2.0,4
200000,PConc,1729,60,860.0,2007,2002,3,7,5,CollgCr,0,1,7,2.0,5
267000,PConc,2452,60,1028.0,2007,1998,4,8,5,CollgCr,0,1,9,2.0,9
228000,PConc,1592,20,1556.0,2007,1994,3,8,5,CollgCr,0,1,7,2.0,13
275000,PConc,2439,60,1531.0,2007,2001,4,8,5,CollgCr,0,1,7,2.0,6
211000,PConc,1992,60,860.0,2007,1996,3,7,5,CollgCr,2,1,7,2.0,11
285000,PConc,1668,20,1626.0,2007,2002,3,9,5,CollgCr,0,1,7,3.0,5
240000,PConc,2090,60,1220.0,2007,1995,3,8,5,CollgCr,0,1,8,2.0,12
131500,PConc,848,120,848.0,2007,2003,1,6,5,CollgCr,0,1,3,2.0,4
246900,PConc,1341,20,1341.0,2007,1999,1,8,5,CollgCr,0,1,5,2.0,8
219500,PConc,1928,60,847.0,2007,2003,4,7,5,CollgCr,0,1,8,2.0,4
185000,PConc,1337,20,1337.0,2007,2003,3,7,5,CollgCr,0,1,6,2.0,4
179400,PConc,1476,60,738.0,2007,2007,3,7,5,CollgCr,0,1,7,2.0,0
213500,PConc,1797,60,939.0,2007,2006,3,7,5,CollgCr,0,1,8,2.0,1
179600,PConc,1422,20,1422.0,2007,2004,3,7,5,CollgCr,0,1,7,2.0,3
173500,PConc,1190,20,1169.0,2007,2005,2,7,5,CollgCr,0,1,5,2.0,2
167840,PConc,1330,20,1330.0,2007,2006,3,6,5,CollgCr,0,1,6,2.0,1
168675,PConc,1491,60,738.0,2007,2006,3,7,5,CollgCr,0,1,7,2.0,1
167000,PConc,1536,60,768.0,2007,2005,3,5,5,CollgCr,0,1,6,2.0,2
140000,CBlock,1214,20,1214.0,2007,1965,2,5,7,Edwards,0,1,6,2.0,42
118500,CBlock,936,85,936.0,2007,1967,2,5,5,Edwards,0,1,4,1.0,40
110000,CBlock,1088,20,1088.0,2007,1963,2,4,6,Edwards,0,1,4,2.0,44
94750,CBlock,960,20,960.0,2007,1965,3,4,5,Edwards,0,1,6,1.0,42
122000,CBlock,1351,50,901.0,2007,1925,3,5,6,Edwards,0,1,7,2.0,82
110000,CBlock,1179,20,1179.0,2007,1960,2,6,6,Edwards,2,1,5,2.0,47
118500,CBlock,816,90,816.0,2007,1990,3,6,5,Edwards,0,1,5,0.0,17
133500,CBlock,1044,80,960.0,2007,1976,3,6,6,Edwards,0,1,7,2.0,31
148000,CBlock,1113,20,1143.0,2007,1976,3,6,7,Edwards,0,1,6,1.0,31
141000,Slab,2233,90,0.0,2007,1979,5,5,6,Edwards,0,2,11,2.0,28
155000,PConc,1125,20,1125.0,2007,2006,2,5,5,Edwards,0,1,5,2.0,1
157000,PConc,1090,20,1090.0,2007,2005,2,5,5,Edwards,0,1,5,2.0,2
171500,PConc,1408,60,734.0,2007,2005,3,5,5,Edwards,0,1,6,2.0,2
183850,PConc,5095,20,5095.0,2007,2008,2,10,5,Edwards,0,1,15,3.0,-1
184750,PConc,4676,60,3138.0,2007,2007,3,10,5,Edwards,0,1,11,3.0,0
140000,PConc,1072,180,547.0,2007,2005,2,6,5,Edwards,0,1,5,2.0,2
131750,CBlock,960,20,960.0,2007,1959,2,5,7,Edwards,0,1,4,1.0,48
61500,PConc,1152,90,0.0,2007,1955,2,4,3,Edwards,0,2,6,0.0,52
111000,PConc,948,20,864.0,2007,1954,3,4,5,Edwards,0,1,5,1.0,53
98500,CBlock,1195,90,1195.0,2007,1946,4,5,6,Edwards,0,2,8,0.0,61
79000,BrkTil,774,30,544.0,2007,1931,3,3,6,Edwards,0,1,6,0.0,76
108500,BrkTil,865,40,660.0,2007,1920,2,6,8,Edwards,0,1,4,1.0,87
110000,CBlock,894,20,894.0,2007,1954,3,4,5,Edwards,0,1,5,2.0,53
112000,CBlock,1346,50,560.0,2007,1910,2,4,7,Edwards,2,1,6,1.0,97
125000,CBlock,768,20,768.0,2007,1955,2,4,5,Edwards,0,1,4,1.0,52
79275,CBlock,864,20,864.0,2007,1955,3,4,5,Edwards,0,1,5,2.0,52
119000,CBlock,948,20,948.0,2007,1954,3,4,6,Edwards,0,1,5,1.0,53
200000,CBlock,3395,190,1440.0,2007,1914,8,6,7,SWISU,0,2,14,0.0,93
150000,PConc,2592,90,1296.0,2007,1923,6,5,6,SWISU,2,2,12,0.0,84
175000,BrkTil,1768,50,731.0,2007,1937,3,5,7,SWISU,0,1,7,1.0,70
115000,CBlock,1517,50,793.0,2007,1919,3,5,7,IDOTRR,0,1,7,0.0,88
141000,BrkTil,1215,50,720.0,2007,1940,3,6,7,IDOTRR,0,1,6,2.0,67
87000,CBlock,803,45,720.0,2007,1941,2,5,6,IDOTRR,0,1,5,2.0,66
129850,BrkTil,1601,50,936.0,2007,1925,3,5,7,IDOTRR,0,1,6,0.0,82
100000,PConc,1123,50,732.0,2007,1939,3,4,5,IDOTRR,0,1,4,1.0,68
150909,BrkTil,1828,70,859.0,2007,1923,3,5,6,IDOTRR,0,1,6,0.0,84
75200,BrkTil,816,30,816.0,2007,1922,2,5,7,IDOTRR,0,1,5,1.0,85
118400,BrkTil,1012,30,1012.0,2007,1920,2,6,5,IDOTRR,0,1,6,1.0,87
67000,BrkTil,1077,30,961.0,2007,1920,2,5,2,IDOTRR,5,1,6,1.0,87
152000,CBlock,1558,50,910.0,2007,1950,4,5,5,IDOTRR,0,1,6,1.0,57
68104,BrkTil,845,50,0.0,2007,1939,1,2,4,IDOTRR,5,1,4,1.0,68
119600,CBlock,1991,190,957.0,2007,1895,4,5,6,IDOTRR,0,2,9,0.0,112
140000,CBlock,1073,20,1073.0,2007,1957,3,4,6,IDOTRR,0,1,6,2.0,50
124900,BrkTil,1001,30,837.0,2007,1930,2,5,9,IDOTRR,0,1,5,1.0,77
129900,PConc,1060,120,1040.0,2007,1976,3,5,7,MeadowV,0,1,6,2.0,31
134000,PConc,1142,120,1142.0,2007,1976,3,5,5,MeadowV,0,1,6,2.0,31
85500,CBlock,1092,160,546.0,2007,1972,3,4,4,MeadowV,0,1,5,1.0,35
106500,CBlock,992,180,530.0,2007,1970,2,4,5,MeadowV,0,1,4,1.0,37
93900,CBlock,1092,160,546.0,2007,1970,3,4,6,MeadowV,0,1,5,0.0,37
75000,CBlock,1092,160,546.0,2007,1970,3,4,5,MeadowV,0,1,6,1.0,37
84500,CBlock,630,180,630.0,2007,1970,1,4,6,MeadowV,0,1,3,0.0,37
75190,CBlock,1092,160,546.0,2007,1976,3,4,3,MeadowV,0,1,6,1.0,31
146300,CBlock,1069,120,1069.0,2006,1975,2,6,5,NPkVill,0,1,4,2.0,31
137500,CBlock,1055,120,1055.0,2006,1976,2,7,7,NPkVill,0,1,4,1.0,30
144000,CBlock,1456,160,855.0,2006,1976,3,6,5,NPkVill,0,1,6,2.0,30
315000,PConc,1980,20,1980.0,2006,2004,3,9,5,NridgHt,0,1,8,3.0,2
412083,PConc,2589,60,1738.0,2006,2006,4,9,5,NridgHt,0,1,11,3.0,0
342643,PConc,2596,60,1249.0,2006,2006,4,9,5,NridgHt,0,1,9,3.0,0
252000,PConc,1618,20,1618.0,2006,2004,2,8,5,NridgHt,0,1,6,3.0,2
465000,PConc,2076,20,2076.0,2006,2006,2,10,5,NridgHt,0,1,7,3.0,0
293000,PConc,1740,20,1721.0,2006,2006,4,7,5,NridgHt,0,1,8,3.0,0
415000,PConc,1868,20,1868.0,2006,2005,2,9,5,NridgHt,0,1,7,3.0,1
326000,PConc,1850,20,1833.0,2006,2004,3,9,5,NridgHt,0,1,8,3.0,2
325300,PConc,2376,60,1158.0,2006,2005,4,8,5,NridgHt,0,1,9,3.0,1
309000,PConc,2452,60,1117.0,2006,2004,4,8,5,NridgHt,0,1,9,3.0,2
300000,PConc,2206,60,1090.0,2006,2005,4,9,5,NridgHt,0,1,10,3.0,1
275500,PConc,2098,60,1030.0,2006,2005,3,8,5,NridgHt,0,1,8,3.0,1
338500,PConc,2091,60,1606.0,2006,2005,3,9,5,NridgHt,0,1,8,2.0,1
345000,PConc,2324,60,1175.0,2006,2005,4,9,5,NridgHt,0,1,11,3.0,1
344133,PConc,2253,60,1209.0,2006,2005,3,8,5,NridgHt,0,1,8,2.0,1
298236,PConc,2389,60,1054.0,2006,2006,4,8,5,NridgHt,0,1,10,3.0,0
329900,PConc,2358,60,1524.0,2006,2005,4,8,5,NridgHt,0,1,10,3.0,1
360000,PConc,1944,20,1896.0,2006,2003,3,9,5,NridgHt,0,1,8,3.0,3
281000,PConc,1970,60,1085.0,2006,2006,3,8,5,NridgHt,0,1,8,3.0,0
372397,PConc,1792,20,1792.0,2006,2005,2,9,5,NridgHt,0,1,6,3.0,1
378000,PConc,1780,20,1780.0,2006,2004,2,9,5,NridgHt,0,1,7,3.0,2
374000,PConc,1792,20,1792.0,2006,2003,2,9,5,NridgHt,0,1,6,3.0,3
437154,PConc,2728,60,1848.0,2006,2005,4,9,5,NridgHt,0,1,10,3.0,1
275000,PConc,1904,60,1058.0,2006,2005,3,8,5,NridgHt,0,1,8,2.0,1
279000,PConc,1914,60,1420.0,2006,2004,3,8,5,NridgHt,0,1,9,3.0,2
185850,PConc,1364,120,1364.0,2006,2005,2,7,5,NridgHt,0,1,6,2.0,1
282500,PConc,1565,120,1560.0,2006,2005,2,9,5,NridgHt,0,1,6,2.0,1
202500,PConc,1368,120,1368.0,2006,2005,2,7,5,NridgHt,0,1,6,2.0,1
202665,PConc,1368,120,1368.0,2006,2005,2,7,5,NridgHt,0,1,6,2.0,1
332200,PConc,1686,20,1686.0,2006,2006,1,9,5,NridgHt,0,1,6,3.0,0
310090,PConc,1666,120,1666.0,2006,2006,2,9,5,NridgHt,0,1,6,2.0,0
171750,PConc,1405,120,1405.0,2006,2003,2,7,5,NridgHt,0,1,6,2.0,3
210250,PConc,1364,120,1220.0,2006,2006,2,7,5,Blmngtn,0,1,6,2.0,0
234000,PConc,1557,120,1374.0,2006,2003,2,7,5,Blmngtn,0,1,7,2.0,3
215000,PConc,1456,120,1273.0,2006,2003,2,8,5,Blmngtn,0,1,7,2.0,3
246990,PConc,1511,120,1368.0,2006,2002,2,7,5,Blmngtn,0,1,5,2.0,4
178740,PConc,1414,120,1375.0,2006,2004,2,7,5,Blmngtn,0,1,6,2.0,2
225000,PConc,1548,120,1365.0,2006,2004,2,7,5,Blmngtn,0,1,7,2.0,2
167240,PConc,1248,120,1248.0,2006,2005,2,7,5,Blmngtn,0,1,5,2.0,1
156820,PConc,1142,120,1142.0,2006,2005,2,7,5,Blmngtn,0,1,6,2.0,1
213490,PConc,1506,120,1362.0,2006,2005,2,7,5,Blmngtn,0,1,6,2.0,1
264561,PConc,1567,120,1520.0,2006,2006,1,8,5,Blmngtn,0,1,7,3.0,0
246578,PConc,1500,120,1356.0,2006,2006,2,7,5,Blmngtn,0,1,6,3.0,0
348000,PConc,2392,60,1396.0,2006,1997,3,8,5,NoRidge,0,1,7,3.0,9
286000,PConc,1976,60,1044.0,2006,1998,3,8,5,NoRidge,0,1,7,3.0,8
300000,PConc,2234,60,1160.0,2006,2000,3,8,5,NoRidge,0,1,7,3.0,6
625000,PConc,3627,60,1930.0,2006,1995,4,10,5,NoRidge,0,1,10,3.0,11
405000,PConc,2855,60,1540.0,2006,2000,4,9,5,NoRidge,0,1,9,3.0,6
280000,PConc,1924,60,1086.0,2006,1998,3,8,5,NoRidge,0,1,7,2.0,8
258000,PConc,2263,60,1141.0,2006,1998,4,8,5,NoRidge,0,1,10,2.0,8
350000,PConc,2726,60,1342.0,2006,1995,4,8,5,NoRidge,0,1,9,3.0,11
584500,PConc,3500,60,1733.0,2006,1993,4,9,5,NoRidge,0,1,11,3.0,13
321000,PConc,2494,60,1290.0,2006,1994,4,8,5,NoRidge,0,1,9,3.0,12
290000,PConc,2526,60,1165.0,2006,1994,4,8,5,NoRidge,0,1,8,3.0,12
315000,PConc,2799,60,1286.0,2006,1993,3,8,5,NoRidge,0,1,8,3.0,13
139500,PConc,1142,20,1142.0,2006,2005,3,6,5,SawyerW,0,1,5,0.0,1
186800,PConc,1400,20,1400.0,2006,2005,3,7,5,SawyerW,0,1,6,2.0,1
132000,PConc,1131,20,1131.0,2006,2005,3,6,5,SawyerW,0,1,6,0.0,1
142500,PConc,1141,20,1141.0,2006,2005,3,6,5,SawyerW,0,1,6,2.0,1
158000,PConc,1158,20,1158.0,2006,2004,3,6,5,SawyerW,0,1,5,2.0,2
184000,PConc,1686,60,891.0,2006,2005,3,7,5,SawyerW,0,1,8,2.0,1
184900,PConc,1585,60,784.0,2006,2005,3,7,5,SawyerW,0,1,7,2.0,1
187000,PConc,1837,60,941.0,2006,1997,3,6,5,SawyerW,0,1,7,2.0,9
175900,PConc,1603,60,761.0,2006,1992,3,6,5,SawyerW,0,1,7,2.0,14
248500,PConc,1731,60,836.0,2006,1992,3,6,5,SawyerW,0,1,7,2.0,14
172000,PConc,1398,120,1398.0,2006,1990,2,6,5,SawyerW,0,1,5,2.0,16
151000,PConc,1217,120,1217.0,2006,1991,2,6,5,SawyerW,0,1,5,2.0,15
150000,PConc,1320,60,636.0,2006,1994,3,6,5,SawyerW,0,1,6,2.0,12
107000,CBlock,1056,20,1056.0,2006,1966,2,4,4,SawyerW,0,1,5,1.0,40
119900,CBlock,965,20,828.0,2006,1965,3,5,5,SawyerW,0,1,6,1.0,41
129500,CBlock,988,20,988.0,2006,1962,3,5,4,Sawyer,0,1,6,2.0,44
125000,CBlock,1728,90,1728.0,2006,1963,6,5,5,Sawyer,0,2,10,2.0,43
119500,CBlock,1654,90,0.0,2006,1977,4,6,6,Sawyer,0,2,10,2.0,29
144000,CBlock,1211,20,864.0,2006,1962,2,5,6,Sawyer,1,1,6,2.0,44
151000,CBlock,1212,80,506.0,2006,1977,3,6,7,Sawyer,0,1,6,2.0,29
126000,CBlock,984,20,984.0,2006,1965,3,5,5,Sawyer,0,1,5,1.0,41
116000,CBlock,909,20,882.0,2006,1968,3,5,6,Sawyer,0,1,5,1.0,38
133500,PConc,925,20,925.0,2006,1963,2,5,6,Sawyer,0,1,5,2.0,43
120875,CBlock,1024,20,1024.0,2006,1965,3,5,6,Sawyer,0,1,5,1.0,41
137000,CBlock,935,20,935.0,2006,1965,3,5,6,Sawyer,0,1,5,1.0,41
124000,CBlock,912,20,912.0,2006,1964,3,5,6,Sawyer,0,1,6,0.0,42
135000,CBlock,1236,20,912.0,2006,1961,3,5,7,Sawyer,0,1,6,1.0,45
129200,CBlock,941,20,912.0,2006,1967,3,5,6,Sawyer,0,1,6,1.0,39
260000,CBlock,2417,60,1288.0,2006,1991,4,8,5,NoRidge,0,1,9,2.0,15
334000,PConc,2826,60,1334.0,2006,1992,3,8,5,NoRidge,0,1,9,3.0,14
310000,PConc,2520,60,1338.0,2006,1993,5,8,7,NoRidge,0,1,10,3.0,13
268000,PConc,2295,60,1095.0,2006,1992,4,7,5,NoRidge,0,1,9,2.0,14
262000,PConc,1624,20,1624.0,2006,1994,2,8,5,NoRidge,0,1,5,3.0,12
214000,CBlock,1235,120,1235.0,2006,1980,1,8,5,Greens,0,1,4,2.0,26
188000,CBlock,1036,120,1036.0,2006,1980,1,8,5,Greens,0,1,4,2.0,26
190000,CBlock,1226,120,1226.0,2006,1980,1,8,5,Greens,0,1,4,2.0,26
170000,CBlock,1226,120,1226.0,2006,1978,1,8,5,Greens,0,1,4,2.0,28
121600,CBlock,1230,50,747.0,2006,1946,3,4,7,BrkSide,0,1,5,1.0,60
85500,PConc,869,30,440.0,2006,1923,2,4,7,BrkSide,0,1,4,0.0,83
79900,PConc,747,30,600.0,2006,1926,1,4,5,BrkSide,0,1,5,2.0,80
127000,PConc,1252,50,504.0,2006,1908,3,5,8,BrkSide,0,1,5,2.0,98
64500,BrkTil,1020,50,1020.0,2006,1918,2,3,3,IDOTRR,0,1,5,0.0,88
100000,CBlock,788,30,788.0,2006,1941,2,4,5,BrkSide,0,1,4,0.0,65
140200,BrkTil,1577,50,972.0,2006,1939,3,6,5,BrkSide,0,1,6,1.0,67
202500,BrkTil,1827,70,848.0,2006,1924,2,6,7,BrkSide,0,1,9,1.0,82
159000,CBlock,1664,50,1004.0,2006,1947,3,6,7,BrkSide,0,1,7,2.0,59
114500,PConc,1176,50,816.0,2006,1934,3,6,6,BrkSide,0,1,6,2.0,72
115000,BrkTil,1344,50,896.0,2006,1936,3,5,4,BrkSide,0,1,7,1.0,70
75000,CBlock,1162,50,728.0,2006,1930,3,3,5,BrkSide,0,1,6,1.0,76
88000,BrkTil,1015,30,768.0,2006,1925,3,5,7,BrkSide,1,1,6,1.0,81
80500,Slab,912,50,0.0,2006,1947,2,4,5,BrkSide,0,1,3,0.0,59
149000,BrkTil,1576,50,1042.0,2006,1928,3,5,6,BrkSide,0,1,8,1.0,78
110000,BrkTil,1324,50,741.0,2006,1930,3,5,7,BrkSide,0,1,7,1.0,76
89000,CBlock,616,30,616.0,2006,1921,2,5,7,BrkSide,0,1,4,1.0,85
113000,BrkTil,1048,45,993.0,2006,1922,2,5,6,BrkSide,0,1,5,1.0,84
109000,BrkTil,816,30,816.0,2006,1925,2,5,5,BrkSide,0,1,4,1.0,81
129000,CBlock,960,190,960.0,2006,1970,3,4,5,BrkSide,0,1,6,2.0,36
107000,BrkTil,1430,50,596.0,2006,1924,3,4,5,IDOTRR,0,1,7,2.0,82
116500,BrkTil,1330,70,396.0,2006,1910,3,5,8,IDOTRR,0,1,7,1.0,96
72000,BrkTil,819,30,610.0,2006,1919,2,5,4,IDOTRR,0,1,4,0.0,87
119500,BrkTil,1376,50,780.0,2006,1937,3,6,6,IDOTRR,0,1,7,1.0,69
125500,CBlock,1360,50,803.0,2006,1938,2,5,6,IDOTRR,0,1,6,1.0,68
91000,BrkTil,1077,30,1007.0,2006,1922,3,3,4,IDOTRR,0,1,6,1.0,84
84500,CBlock,754,190,520.0,2006,1935,2,6,8,IDOTRR,0,1,5,0.0,71
90000,BrkTil,984,30,984.0,2006,1930,3,6,6,IDOTRR,0,1,6,1.0,76
137500,CBlock,1422,50,806.0,2006,1951,3,5,5,Sawyer,0,1,7,1.0,55
150000,CBlock,1921,90,1921.0,2006,1964,4,6,5,Sawyer,0,2,8,2.0,42
131000,Slab,1640,20,0.0,2006,1950,3,5,5,Sawyer,1,1,7,2.0,56
125000,Slab,1032,30,0.0,2006,1935,2,5,7,Edwards,0,1,6,1.0,71
80000,BrkTil,879,30,830.0,2006,1936,2,5,3,SWISU,0,1,4,1.0,70
157000,PConc,1073,20,1073.0,2006,2004,2,7,5,SWISU,0,1,4,1.0,2
148000,CBlock,1382,20,1051.0,2006,1963,3,4,5,Sawyer,0,1,6,2.0,43
90000,Slab,1296,90,0.0,2006,1967,2,4,5,Sawyer,0,2,6,2.0,39
154500,CBlock,1068,20,1059.0,2006,1963,3,6,8,Sawyer,0,1,6,1.0,43
153600,CBlock,1064,20,1064.0,2006,1967,3,5,6,Sawyer,0,1,6,2.0,39
164500,CBlock,1320,80,1164.0,2006,1966,3,5,6,Sawyer,0,1,6,2.0,40
132000,CBlock,934,80,912.0,2006,1964,2,6,7,Sawyer,0,1,4,1.0,42
142500,CBlock,1059,20,1059.0,2006,1966,3,5,6,Sawyer,0,1,6,1.0,40
158000,CBlock,1159,20,1051.0,2006,1968,3,5,5,Sawyer,0,1,7,1.0,38
149500,CBlock,1400,60,672.0,2006,1978,3,6,7,Sawyer,0,1,6,2.0,28
165000,CBlock,1458,20,1176.0,2006,1967,3,5,5,Sawyer,0,1,7,2.0,39
180000,CBlock,1721,20,1461.0,2006,1968,3,5,6,Sawyer,1,1,7,2.0,38
160500,CBlock,1040,80,960.0,2006,1978,3,6,6,Sawyer,0,1,6,2.0,28
156500,CBlock,1967,90,1967.0,2006,1977,6,5,4,Sawyer,0,2,10,2.0,29
157000,CBlock,1949,90,1949.0,2006,1977,6,5,4,Sawyer,0,2,10,2.0,29
172500,CBlock,1920,50,1052.0,2006,1958,4,5,5,Sawyer,0,1,8,2.0,48
155000,CBlock,1803,20,1134.0,2006,1957,3,5,4,Sawyer,4,1,8,2.0,49
170000,CBlock,1779,20,1763.0,2006,1955,3,5,4,Sawyer,0,1,6,2.0,51
105000,BrkTil,872,30,872.0,2006,1924,2,5,5,Sawyer,3,1,5,1.0,82
145000,CBlock,960,80,648.0,2006,1965,0,4,9,Sawyer,0,1,3,1.0,41
168000,CBlock,1437,20,1188.0,2006,1956,3,5,6,Sawyer,2,1,6,2.0,50
130000,PConc,810,85,782.0,2006,1971,2,5,7,Sawyer,0,1,4,2.0,35
142500,CBlock,894,20,864.0,2006,1974,3,5,5,Sawyer,0,1,5,2.0,32
146000,CBlock,1350,20,967.0,2006,1954,3,4,5,Edwards,0,1,6,2.0,52
128000,BrkTil,1150,50,799.0,2006,1942,3,5,5,Edwards,3,1,6,1.0,64
225000,CBlock,2008,20,896.0,2006,1948,3,5,8,Edwards,0,1,8,1.0,58
274970,CBlock,2201,80,697.0,2006,1966,4,6,7,Edwards,0,1,8,2.0,40
235000,PConc,2009,70,672.0,2006,1928,4,6,7,Edwards,0,1,8,3.0,78
415000,BrkTil,3672,75,1836.0,2006,1935,5,6,8,Edwards,0,1,7,2.0,71
182000,CBlock,1560,80,1776.0,2006,1962,3,5,5,Edwards,2,1,6,2.0,44
135000,Slab,1488,20,0.0,2006,1952,3,5,6,Edwards,0,1,7,2.0,54
137000,CBlock,1057,20,1057.0,2006,1955,3,5,8,Edwards,0,1,6,1.0,51
136900,CBlock,1855,50,994.0,2006,1954,4,6,4,Edwards,0,1,7,1.0,52
149900,CBlock,1609,50,1000.0,2006,1953,5,6,5,Edwards,0,1,7,1.0,53
123500,PConc,1148,20,980.0,2006,1952,2,5,7,Edwards,0,1,6,1.0,54
93000,Slab,1124,20,0.0,2006,1954,3,5,5,Edwards,2,1,5,0.0,52
91500,CBlock,1456,50,810.0,2006,1948,4,5,3,Edwards,0,1,7,1.0,58
180000,CBlock,1298,20,1298.0,2006,1985,3,6,5,SawyerW,0,1,5,2.0,21
209000,CBlock,2559,60,868.0,2006,1989,4,6,4,SawyerW,0,1,9,2.0,17
215000,PConc,1911,60,777.0,2006,1993,3,8,5,SawyerW,0,1,8,2.0,13
224500,PConc,1440,90,1344.0,2006,1993,2,6,8,SawyerW,0,2,8,4.0,13
229800,PConc,1876,60,1308.0,2006,2005,3,7,5,CollgCr,0,1,7,3.0,1
183600,PConc,1208,20,1208.0,2006,2005,2,7,5,CollgCr,0,1,6,2.0,1
194000,PConc,1220,20,1199.0,2006,2006,2,7,5,CollgCr,0,1,6,2.0,0
193879,PConc,1294,20,1286.0,2006,2006,2,7,5,CollgCr,0,1,6,2.0,0
221500,PConc,1614,20,1614.0,2006,2005,3,7,5,CollgCr,0,1,7,3.0,1
204900,PConc,1498,20,1498.0,2006,2006,2,7,5,CollgCr,0,1,5,2.0,0
239799,PConc,1962,60,1391.0,2006,2006,3,7,5,CollgCr,0,1,7,3.0,0
233555,PConc,1846,20,1836.0,2006,2006,3,6,5,CollgCr,0,1,7,2.0,0
260000,PConc,1734,20,1734.0,2006,2005,3,7,5,CollgCr,0,1,7,2.0,1
294900,PConc,1590,20,1570.0,2006,2005,2,8,5,CollgCr,0,1,6,3.0,1
209700,PConc,1809,60,945.0,2006,2005,3,7,5,CollgCr,0,1,8,2.0,1
225000,PConc,1614,20,1614.0,2006,2005,3,7,5,CollgCr,0,1,7,2.0,1
181000,PConc,1596,60,784.0,2006,2005,3,7,5,CollgCr,0,1,6,2.0,1
220000,PConc,1915,60,908.0,2006,1992,3,8,5,SawyerW,0,1,8,2.0,14
148000,PConc,914,85,870.0,2006,1996,2,5,5,CollgCr,0,1,5,2.0,10
145000,PConc,1100,20,1100.0,2006,1996,3,5,6,CollgCr,0,1,5,2.0,10
187000,PConc,1499,60,781.0,2006,1995,3,6,5,CollgCr,0,1,6,2.0,11
193000,PConc,1425,20,1425.0,2006,1998,3,7,5,CollgCr,0,1,5,2.0,8
156000,PConc,990,20,990.0,2006,1995,3,5,5,CollgCr,0,1,5,2.0,11
235000,PConc,1525,20,1525.0,2006,2000,3,7,5,CollgCr,0,1,6,2.0,6
217000,PConc,1494,20,1479.0,2006,1997,3,6,5,CollgCr,0,1,6,2.0,9
214000,PConc,1588,20,1588.0,2006,1999,3,7,5,CollgCr,0,1,6,2.0,7
196000,PConc,1749,60,842.0,2006,1999,3,7,5,CollgCr,0,1,7,2.0,7
217000,PConc,1779,60,951.0,2006,1999,3,7,5,CollgCr,0,1,7,2.0,7
200000,PConc,1861,60,916.0,2006,2002,3,7,5,CollgCr,0,1,8,2.0,4
192500,PConc,1776,60,936.0,2006,2002,3,7,5,CollgCr,0,1,7,2.0,4
205000,PConc,1541,20,1541.0,2006,2001,3,7,5,CollgCr,0,1,6,3.0,5
132500,CBlock,954,80,911.0,2006,1976,3,5,5,CollgCr,0,1,6,2.0,30
157500,CBlock,1388,60,675.0,2006,1977,3,6,6,CollgCr,0,1,6,1.0,29
174000,CBlock,1282,80,995.0,2006,1978,3,6,6,CollgCr,0,1,6,3.0,28
128500,CBlock,971,20,971.0,2006,1969,3,5,6,CollgCr,0,1,5,1.0,37
128500,CBlock,864,20,864.0,2006,1972,3,5,7,CollgCr,0,1,5,1.0,34
149900,PConc,894,20,894.0,2006,1972,3,5,7,CollgCr,0,1,5,2.0,34
119900,CBlock,864,20,864.0,2006,1972,3,5,8,CollgCr,0,1,5,1.0,34
137000,PConc,1320,160,630.0,2006,1993,3,6,5,Landmrk,0,1,5,2.0,13
255000,PConc,1989,60,1065.0,2006,2002,3,8,5,CollgCr,0,1,7,2.0,4
222000,PConc,1762,60,826.0,2006,2002,3,7,5,CollgCr,0,1,6,2.0,4
214000,PConc,1755,60,840.0,2006,1999,3,6,5,CollgCr,0,1,7,2.0,7
220000,PConc,1358,20,1348.0,2006,2002,1,8,5,CollgCr,0,1,5,2.0,4
275000,PConc,1787,20,1753.0,2006,2001,3,8,5,CollgCr,0,1,7,3.0,5
197000,PConc,1909,60,872.0,2006,2002,4,7,5,CollgCr,0,1,8,2.0,4
230000,PConc,1654,20,1654.0,2006,2002,3,7,5,CollgCr,0,1,6,3.0,4
268500,PConc,2214,60,1090.0,2006,1999,3,8,5,CollgCr,0,1,8,3.0,7
210900,PConc,2049,60,1065.0,2006,1996,4,7,5,CollgCr,0,1,9,2.0,10
227000,PConc,1939,60,1054.0,2006,1998,3,7,5,CollgCr,0,1,8,3.0,8
237000,PConc,1995,60,930.0,2006,1995,4,7,5,CollgCr,0,1,8,2.0,11
274300,PConc,2097,60,1108.0,2006,1998,3,7,6,CollgCr,0,1,8,2.0,8
216837,PConc,1836,20,1860.0,2006,2004,3,7,5,CollgCr,0,1,8,2.0,2
133000,PConc,848,120,848.0,2006,2003,1,6,5,CollgCr,0,1,4,2.0,3
155900,PConc,848,120,848.0,2006,2004,1,6,5,CollgCr,0,1,3,2.0,2
233230,PConc,1919,60,1079.0,2006,2006,3,8,5,CollgCr,0,1,8,2.0,0
207000,PConc,1390,20,1390.0,2006,2003,3,7,5,CollgCr,0,1,7,2.0,3
195000,PConc,1948,60,847.0,2006,2004,4,7,5,CollgCr,0,1,8,2.0,2
200000,PConc,1700,20,1682.0,2006,2003,3,6,5,CollgCr,0,1,7,2.0,3
203160,PConc,1737,60,851.0,2006,2006,3,7,5,CollgCr,0,1,7,2.0,0
195800,PConc,1611,60,784.0,2006,2005,3,7,5,CollgCr,0,1,6,2.0,1
212900,PConc,1552,20,1552.0,2006,2005,3,7,5,CollgCr,0,1,7,3.0,1
196500,PConc,1720,60,860.0,2006,2004,3,7,5,CollgCr,0,1,7,2.0,2
198000,PConc,1336,20,1336.0,2006,2005,3,7,5,CollgCr,0,1,6,2.0,1
173900,PConc,1500,60,750.0,2006,2005,3,6,5,CollgCr,0,1,6,2.0,1
163990,PConc,1456,60,728.0,2006,2005,3,6,5,CollgCr,0,1,8,2.0,1
164990,PConc,1310,20,1310.0,2006,2005,3,7,5,CollgCr,0,1,6,2.0,1
98000,CBlock,1436,70,676.0,2006,1910,3,4,6,Edwards,1,1,6,2.0,96
149900,CBlock,1466,20,1466.0,2006,1959,3,5,4,Edwards,0,1,6,2.0,47
102000,CBlock,1220,20,836.0,2006,1951,2,4,5,Edwards,0,1,6,2.0,55
127500,CBlock,1012,90,976.0,2006,1975,4,6,5,Edwards,0,0,4,0.0,31
127500,CBlock,980,90,945.0,2006,1975,4,6,5,Edwards,0,0,4,0.0,31
119900,CBlock,1176,20,1176.0,2006,1969,2,5,4,Edwards,0,1,5,1.0,37
196500,PConc,1724,60,796.0,2006,2003,3,7,5,Edwards,0,1,8,2.0,3
117250,PConc,914,20,914.0,2006,2002,2,6,5,Edwards,0,1,4,0.0,4
229000,PConc,2314,60,1150.0,2006,2003,3,7,5,Edwards,0,1,9,2.0,3
145000,PConc,1072,180,547.0,2006,2005,2,5,5,Edwards,0,1,5,2.0,1
140000,PConc,1072,180,547.0,2006,2005,2,6,5,Edwards,0,1,5,2.0,1
142500,PConc,1072,180,547.0,2006,2005,2,6,5,Edwards,0,1,5,2.0,1
134000,PConc,1709,160,970.0,2006,2004,3,7,5,Edwards,4,1,7,2.0,2
130000,PConc,1709,160,970.0,2006,2004,3,7,5,Edwards,4,1,7,2.0,2
130000,PConc,1709,160,970.0,2006,2004,3,6,5,Edwards,4,1,7,2.0,2
137500,PConc,1709,160,970.0,2006,2004,3,7,5,Edwards,4,1,7,2.0,2
130000,PConc,1708,160,976.0,2006,2004,3,7,5,Edwards,4,1,7,2.0,2
97900,CBlock,936,50,624.0,2006,1948,3,4,7,Edwards,0,1,5,1.0,58
92000,BrkTil,1338,50,832.0,2006,1915,3,6,3,Edwards,0,1,7,2.0,91
107000,BrkTil,1669,50,1093.0,2006,1924,4,4,5,Edwards,2,1,9,1.0,82
81000,PConc,1184,50,658.0,2006,1910,5,5,3,Edwards,0,1,8,0.0,96
104900,BrkTil,1221,50,784.0,2006,1924,4,5,7,Edwards,0,1,7,1.0,82
115000,CBlock,864,20,864.0,2006,1955,2,5,7,Edwards,0,1,5,2.0,51
125000,CBlock,1482,20,954.0,2006,1954,3,4,4,Edwards,1,1,6,2.0,52
116000,BrkTil,1250,50,686.0,2006,1918,3,5,7,Edwards,0,1,7,1.0,88
83000,BrkTil,1414,50,864.0,2006,1922,3,4,4,Edwards,0,1,8,0.0,84
118500,PConc,2230,75,795.0,2006,1912,5,4,5,SWISU,0,1,10,1.0,94
35000,BrkTil,498,30,498.0,2006,1922,1,2,3,Edwards,0,1,3,1.0,84
121000,BrkTil,1273,50,616.0,2006,1910,3,4,7,Edwards,2,1,5,1.0,96
160000,PConc,1928,190,686.0,2006,1916,5,5,8,SWISU,0,2,10,0.0,90
140000,CBlock,1595,50,940.0,2006,1940,2,6,5,SWISU,0,1,6,1.0,66
137000,BrkTil,1551,50,1058.0,2006,1938,3,5,5,SWISU,0,1,6,1.0,68
128000,CBlock,1340,190,780.0,2006,1945,3,6,6,SWISU,0,1,6,1.0,61
160000,BrkTil,1479,70,624.0,2006,1926,3,7,8,SWISU,0,1,6,1.0,80
149000,PConc,1510,70,755.0,2006,1920,3,6,8,SWISU,0,1,6,1.0,86
102000,BrkTil,1522,50,1008.0,2006,1926,4,5,5,SWISU,0,1,7,0.0,80
131000,CBlock,1465,50,992.0,2006,1939,3,5,5,SWISU,0,1,6,1.0,67
112000,CBlock,1288,50,824.0,2006,1941,4,5,4,SWISU,0,1,6,1.0,65
102000,CBlock,976,30,976.0,2006,1942,2,5,6,IDOTRR,0,1,5,1.0,64
145400,PConc,1285,50,861.0,2006,1926,3,6,7,IDOTRR,0,1,6,2.0,80
72000,BrkTil,672,30,432.0,2006,1925,2,4,4,IDOTRR,1,1,4,0.0,81
85000,BrkTil,641,30,641.0,2006,1925,2,4,6,IDOTRR,0,1,4,1.0,81
106500,BrkTil,951,30,951.0,2006,1936,2,4,6,IDOTRR,0,1,6,1.0,70
139000,CBlock,1638,50,967.0,2006,1957,4,6,5,IDOTRR,0,1,6,1.0,49
108000,CBlock,1336,50,637.0,2006,1920,3,4,6,IDOTRR,0,1,7,1.0,86
51689,Slab,729,30,0.0,2006,1945,2,3,5,IDOTRR,3,1,5,0.0,61
35311,CBlock,480,20,480.0,2006,1949,1,2,3,IDOTRR,0,1,4,1.0,57
115000,CBlock,1396,190,660.0,2006,1951,4,5,6,IDOTRR,2,2,8,0.0,55
78000,PConc,936,50,216.0,2006,1916,2,3,5,IDOTRR,0,1,6,0.0,90
104500,PConc,1304,160,264.0,2006,1977,3,5,6,MeadowV,0,1,5,1.0,29
127000,PConc,1475,160,757.0,2006,1977,4,5,6,MeadowV,0,1,6,1.0,29
151400,CBlock,2521,160,942.0,2006,1973,5,6,4,MeadowV,4,1,10,2.0,33
73000,CBlock,630,180,630.0,2006,1970,1,4,6,MeadowV,0,1,3,0.0,36
79400,CBlock,1092,160,546.0,2006,1972,3,4,4,MeadowV,0,1,5,1.0,34
92000,CBlock,630,180,630.0,2006,1970,1,5,7,MeadowV,0,1,3,0.0,36
87550,CBlock,1092,160,546.0,2006,1970,3,4,5,MeadowV,0,1,5,1.0,36
79500,CBlock,1092,160,546.0,2006,1970,3,4,5,MeadowV,0,1,5,0.0,36
90500,CBlock,1092,160,546.0,2006,1970,3,4,7,MeadowV,0,1,5,0.0,36
71000,CBlock,1092,160,546.0,2006,1970,3,4,5,MeadowV,0,1,6,1.0,36